text,images,videos,gender
"৯০ শতাংশ মুসলমানের দেশে ""মুসলমানদের"" করা কিছু অসাধারণ কাজের নমুনা!",[],[],M
"```
এ সময় তাদের কাছ থেকে চুরি, ছিনতাই, চাঁদাবাজি, মারামারি ও হত্যাচেষ্টা সহ বিভিন্ন অপরাধমূলক কর্মকাণ্ডে ব্যবহৃত ১১টি লাঠি, ১৭টি চাকু, ৫টি ছোরা, একটি সুইচ গিয়ার চাকু, একটি ছুরি, একটি চাপাতি, একটি চাইনিজ কুড়াল ও একটি ইলেকট্রিক শক দেওয়ার মেশিন উদ্ধার করা হয়।
```",[],[],M
"```
ঢাকঢোল পিটিয়ে চাকরি দেয়া প্রতিবন্ধী সেই তরুণ চাকরিচ্যুত হলেন ৬ মাস পরই! চট্টগ্রাম বিশ্ববিদ্যালয় থেকে মাস্টার্স পাস করা রায়হান কর্মহীন হয়ে ফের অসহায়। তার দাবি, সস্তা বাহবা নিতেই আইসিটি মন্ত্রনালয়ের অধীন প্রকল্পে স্বল্পসময় দেয়া হয়েছিলো চাকরি।
```",[],[],M
"```
কোনো ভাড়াটিয়া পিকআপে করে, কেউ ট্রাকে, কেউ কেউ ভ্যানগাড়িতে মালামাল নিয়ে বাসা পরিবর্তন করে অন্য এলাকায় চলে যাচ্ছেন। নতুন বছরের শুরু থেকেই এ চিত্র বেশি চোখে পড়ছে। কী কারণে তাদের বাসা পরিবর্তন; জানতে চাইলে অধিকাংশ জানিয়েছেন— বেড়েছে বাসা ভাড়া, যা বহন করা কষ্টসাধ্য। তাই তারা একটু দূরে বা ভেতরের দিকে চলে যাচ্ছে, যেখানে ভাড়া তুলনামূলক একটু কম।
```",[],[],M
ধর্মবিদ্বেষীদের কোন ধর্ম নাই। এইটা বুঝতে হলে নিজের ধর্ম সম্পর্কে সামান্য ধারণা থাকা যথেষ্ট।,[],[],M
"একটা বিশ্ববিদ্যালয় বিভিন্ন মতের মানুষদের সহাবস্থানের ক্ষেত্র হওয়ার কথা। সেইখানে দেখা যাচ্ছে যে সবগুলো বৃহৎ ধর্ম দ্বারা সমর্থিত মতামত প্রকাশের কারণে চাকরিচ্যুত করা হয়েছে। এইটা কিভাবে একটা বিশ্ববিদ্যালয় হতে পারে?
সমকামিতার স্বপক্ষে অবস্থান নিয়ে বাকিদের উপরে চড়াও হয়ে বাকস্বাধীনতার বিপক্ষে অবস্থান নেয়ার অর্থটা বুঝলাম না। সমকামিতার মত প্রচারকারী লোকগুলো তো বাকস্বাধীনতা কোথায় আছে আর কোথায় নাই এইটা নিয়ে বিশেষজ্ঞ মতামত দেন প্রায়ই। তারা নিশ্চুপ কেন? তাহলে তো বুঝে নিতে হবে… See more",[],[],M
একটা আশাব্যঞ্জক খবর ,[],[],M
পুরানো ঢাকার মানুষজন নাকি খুবই ঐতিহ্য বজায় রেখে চলে ,[],[],M
"```
বাগেরহাটের ফকিরহাটে রাস্তা থেকে দুই শিক্ষার্থীকে তুলে নিয়ে সংঘবদ্ধ ধর্ষণের অভিযোগে স্থানীয় এক ছাত্রলীগ নেতাকে গ্রেফতার করেছে পুলিশ। নির্যাতনের শিকার দুই তরুণী খুলনার একটি কলেজের শিক্ষার্থী। তাদের বাড়ি বাগেরহাটেই। চাচাতো ভাই ও তার এক বন্ধুর সাথে ঘুরতে বেড়িয়েছিলেন তারা। 
```",[],[],M
"```
বাজারমূল্যের চেয়ে কম দামে ডিম ও ব্রয়লার মুরগি বিক্রি শুরু করলো বাংলাদেশ পোল্ট্রি অ্যাসোসিয়েশন। ন্যায্যমূল্যে শিগগিরই পোল্ট্রি ফিড বিক্রির ঘোষণাও তাদের। আর সিন্ডিকেট ভেঙে দিতে এ কার্যক্রমে সব ব্যবসায়ীকে সামিল হওয়ার আহবান ভোক্তা অধিকার।
```",[],[],M
"```
ইসরায়েলের পত্রিকাগুলোর ইংরেজি ভার্শন আর হিব্রু ভার্শনের মধ্যে দিন রাত তফাৎ! তিনি হিব্রু পত্রিকাগুলো পড়ে ইসরায়েলের পররাষ্ট্র নীতি এবং অ্যামেরিকার উপর তারা কিভাবে প্রভাব খাটায় এই সংক্রান্ত প্রচুর তথ্য জানতে পারলেন। ইসরায়েলের পত্রিকাগুলোর ইংরেজি ভার্শনের এসবের কিছুই লেখা হয় না। হিব্রু পত্রিকার লেখাগুলো পড়লে আপনার মনে হবে যেন- ইসরায়েল তার ইচ্ছামত যুক্তরাষ্ট্রকে নিয়ন্ত্রণ করে।
```",['https://scontent-ord5-1.xx.fbcdn.net/v/t39.30808-6/416040395_810693321068157_2696672631221783547_n.jpg?stp=dst-jpg_p526x296&_nc_cat=109&ccb=1-7&_nc_sid=5f2048&_nc_ohc=weO3O1JJKLQAX_ejDtw&_nc_ht=scontent-ord5-1.xx&oh=00_AfA9rktq7Xg4JZJHVg3lotnForvDzXxGdemlr5rMPqwVhg&oe=65F5018B'],[],M
"```
পেস্ট কন্ট্রোল কোম্পানির ডিসিএস অর্গানাইজেশন লিমিটেডের মালিকসহ চার কর্মকর্তাদের অবহেলায় দুই শিশুর মৃত্যু হয়েছে বলে জানিয়েছে ঢাকা মহানগর গোয়েন্দা পুলিশ (ডিবি)। বালাইনাশকের সঠিক প্রয়োগ না জেনে ব্যবহারের কারণেই মারা গেছে শিশু দুটি। শুধুমাত্র মুনাফার লোভেই প্রতিষ্ঠানটি পেস্ট কন্ট্রোল বিক্রি করতো বাসা বাড়িতে। এমন তথ্য উঠে এসেছে তদন্তে। শিগগিরই দেওয়া হবে অভিযোগপত্র।
```",[],[],M
এবং যুদ্ধের পক্ষে সাফাই গাওয়ার লোক এখনও ব্যাপারটা বুঝতে পারছেন না ,[],[],M
"```
সোহেলা সেই এক কোটি মানুষের একজন, যাদের কাছে গত এক বছর যাবৎ ইউনাইটেড নেশনস ওয়ালর্ড ফুড প্রোগ্রাম বা জাতিসংঘের বিশ্ব খাদ্য কর্মসূচির পক্ষ থেকে আসা জরুরি অনুদান বন্ধ হয়ে গেছে। এটা আফগানিস্তানে আনুমানিক বিশ লাখ নারী পরিচালিত পরিবারের জন্য বড় ধাক্কা।
ছয় সন্তানের ওই মা জানিয়েছেন, তালেবান শাসনকালে তিনি বাইরে কাজ করতে যেতে পারেন না। কাজেই পরিবারের সদস্যদের জন্য খাবারের যোগানও দিতে পারেন না তিনি।
```",[],[],M
"```
বিজ্ঞপ্তিতে বলা হয়েছে, সহকারী মেইনটেন্যান্স ইঞ্জিনিয়ার পদের নিয়োগ বিজ্ঞপ্তি নং ২১/২০২১ এর সূত্রে গত ৪ ফেব্রুয়ারি অনুষ্ঠিত নিয়োগ পরীক্ষায় যোগ্য প্রার্থী না পাওয়ায় নিয়োগপ্রক্রিয়া বাতিল করা হয়েছে।
বাংলাদেশ ব্যাংক বলছে, প্রিলিমিনারি পরীক্ষায় যে কার্ট মাকর্স নির্ধারণ করা হয়েছিল সেই নম্বর কেউ পায়নি। তাই নিয়োগটি বাতিল করা হয়েছে।
```",[],[],M
বাংলাদেশেও প্রকাশ্যে এইরকম ঘটনা হচ্ছে ...,[],['https://www.facebook.com/BanglaNEWJ/videos/1978012675900985/?__cft__[0]=AZVlY8E3LQNjtppkijkjqzbPYGB226DL7AM06pE_QtWw3ybdRUIas2S_yWwu-yYWaINRI_4kchg26UsVaYbZfmzHbkGr8691Qx1jb4S8ULDNFh9eqJuboPnBUlzcuDip7Vl-stY5kcSqTB3PhtrWOFeADc-4QCdVt9EHGAktEDfrn5JS6RQffUdadGNr7q2E5M0mK4USMTHzpxg-ueX_Dn7a&__tn__=%2B%3FFH-y-R'],M
"এক বছর আগে 
 (২০২০)
দুই বছর আগে 
 (২০২১)",['https://scontent-ord5-2.xx.fbcdn.net/v/t1.6435-9/126956876_3500261606677406_5070329088424855648_n.jpg?stp=dst-jpg_p526x296&_nc_cat=103&ccb=1-7&_nc_sid=5f2048&_nc_ohc=jqat_dyYbYUAX8uIDX_&_nc_ht=scontent-ord5-2.xx&oh=00_AfAmSVeQ8PD9LhVWzJCrWNigLof0xe9lVaqs3RCx8PH64A&oe=661702D9'],[],M
"সমকামিতা শিখানোর উৎসাহ দিন দিন যেন বেড়েই যাচ্ছে চারদিকে। ইসলাম বাদে বাকি প্রধান ধর্মগুলোও সমকামিতা সমর্থন করে না। এতদসত্বেও সমকামিতা প্রচারে এত আগ্রহ দেখে অবাক লাগে। সম্ভবত এই কারণেই ডানপন্থীদের সাথে লোকে যোগ দিচ্ছে প্রজন্মান্তরে নিজের বিশ্বাসের সংরক্ষণের আশায়।
Further reading: https://en.m.wikipedia.org/wiki/Drag_queen",['https://scontent-ord5-2.xx.fbcdn.net/v/t39.30808-6/405096520_890424389371170_3135567066955097182_n.jpg?stp=dst-jpg_s640x640&_nc_cat=104&ccb=1-7&_nc_sid=5f2048&_nc_ohc=HaIpcx5dXIwAX_LLAQU&_nc_ht=scontent-ord5-2.xx&oh=00_AfCLpjyaCPg6Pwj1_Z65J6Xc8EfejV612q3rt3KPAglzCg&oe=65F5298C'],[],M
cuLitho is a library introduced by Nvidia to accelerate chip design through leveraging GPUs ...,[],[],M
"```
কিভাবে নুসাইবার মৃত্যু হলো তা নিয়ে দুই রকম তথ্য পাওয়া গেছে। প্রত্যক্ষদর্শীরা বলছেন, দোলনায় বিদ্যুতায়িত হয়ে মারা যায় নুসাইবা। তবে স্কুল কর্তৃপক্ষের দাবি, দোলনার শেকল গলায় পেঁচিয়ে এই শিশুর মৃত্যু হয়। 
```",[],[],M
"```
এ নিয়ে সামাজিক যোগাযোগমাধ্যম এক্সে (টুইটারের নতুন নাম) কয়েকটি ছবি পোস্ট করেছে যুক্তরাজ্য ভিত্তিক দাতব্য প্রতিষ্ঠান মেডিকেল এইড ফর ফিলিস্তিন নামের একটি অ্যাকাউন্ট। সেই পোস্ট শেয়ার করেছেন স্কটল্যান্ডের মন্ত্রী হামজা ইউসুফ। 
এসব পোস্টে প্রশ্ন ছিল একটাই, ‘এ কেমন বিচার, এই শিশুদের অপরাধটা কী? হাসপাতালগুলোতে জ্বালানি ঠিকঠাকমতো না পৌঁছালে এরা মারা যাবে।’
```",[],[],M
"```
In 1995, when research on mRNA vaccines was still in its earlier stages, the university allegedly discouraged Dr Karikó from pursuing her work and demoted her from a faculty position.
```",[],[],M
"```
স্পেনের সামাজিক অধিকার বিষয়ক মন্ত্রী লোনি বেলারা বলেন, ফিলিস্তিনি জনগণের বিরুদ্ধে ইসরায়েল যে পরিকল্পিত গণহত্যা চালাচ্ছে তার বিরুদ্ধে স্পেন সরকারের অবস্থান আরও জোরদার করতে হবে। এরজন্য আমাদের অবিলম্বে তাদের সাথে কূটনৈতিক সম্পর্ক স্থগিত করা দরকার। যারা এই গণহত্যার সাথে জড়িত তাদের বিরুদ্ধে অর্থনৈতিক নিষেধাজ্ঞা দিতে হবে।
```",[],[],M
"ভারত প্রেম তবুও এই দেশের একটা বড় অংশের মানুষের সহজাত ধর্ম
Loosely related link: https://youtu.be/evyasYXuQr0?si=5AZeuVDsHkl91UHO",[],['https://www.facebook.com/ShoyabAliTiger/videos/2756956257812966/?__cft__[0]=AZXm7qgyr-QZVAPpZT3vywVauR0z-ADvkg6Zt0xrmG3YFh3ULAbTucXIPjIqn6f4P9ACWwfUM9Gt9G7voZJGPgKwWfXmB9hE7LkHjqsk_5N1HcR6QKizfTa-vGIffMI-rPbtlF3qxSLtUtzSFVK5QK_gp-gr0H4voUq18NPhVXZkMkVM9yMG12o87P2GMQv3qlkra4xn3u1cZcF-v4qAINFC&__tn__=%2B%3FFH-y-R'],M
পোশাক শ্রমিক আর সরকারি কর্মকর্তা - কর্মচারী বাদেও দেশে আরও মানুষ আছে। তাদের কি আয় বাড়ে?,[],[],M
"```
বরগুনা পাথরঘাটার ১ নম্বর মাদারতলী সরকারি প্রাথমিক বিদ্যালয়ের দপ্তরি কাম নৈশপ্রহরী ইব্রাহিমের যৌ'ন নিপীড়নের শি'কার হয়েছেন পঞ্চম শ্রেণিপড়ুয়া এক শিক্ষার্থী। ঘটনার পর থেকেই লজ্জায় স্কুলে যেতে পারছে না ভুক্তভোগী ওই শিক্ষার্থী। অপরদিকে অভিযুক্ত দপ্তরির পক্ষে সাফাই গাইছেন স্কুলের প্রধান শিক্ষক।দপ্তরির যৌ'ন নিপীড়নের শিকার ছাত্রী, ধামাচাপা দিতে চাপ প্রধান শিক্ষকের।
```",[],[],M
আন্তর্জাতিক ক্রিকেটে হাতুড়েসিংহের কোন ছক্কা নাই আর ঘরোয়া টি - ২০ এ আছে ৬ টা। কেন অথর্ব লোক আনতে এই দেশের বিভিন্ন প্রতিষ্ঠানের শীর্ষ ব্যাক্তিরা এত আগ্রহী?,[],[],M
অন্য কোন চ্যানেলে এই খবর দেখলাম না ...,[],[],M
"```
শুক্রবার মার্কিন দূতাবাসের এক বিজ্ঞপ্তিতে এ তথ্য নিশ্চিত করা হয়েছে। এতে বলা হয়েছে, আমেরিকা প্রতিটি নিরাপরাধ মানুষের প্রাণহানিতে শোক জানায়। রাষ্ট্রদূত পিটার হাস মার্কিন দূতাবাসকে শনিবার পতাকা অর্ধনমিত রাখার নির্দেশ দিয়েছেন। 
বিজ্ঞপ্তিতে মার্কিন পররাষ্ট্রমন্ত্রী অ্যান্টনি ব্লিংকেনকে উদ্ধৃত করে বলা হয়েছে, ‘এই সংঘাতে নিহত যে কোন বিশ্বাসের, যে কোনো জাতীয়তার বেসামরিক ব্যক্তির জন্য আমরা শোক প্রকাশ করি।’
```",[],[],M
"এইটা আবার কোন ধরনের কথা? 
 মতপ্রকাশের স্বাধীনতা থাকবে না তাই বলে? ",[],[],M
"```
এরও এক সপ্তাহ পর গত ১৬ অক্টোবর বার্তা সংস্থা রয়টার্সকে হামজা ইউসুফ জানান, তার শ্বশুর ফিলিস্তিন বংশোদ্ভূত মাজেদ আল নাকলা ও স্কটিশ শাশুড়ি এলিজাবেথ আল-নাকলা আত্মীয়-স্বজনদের দেখতে গাজায় যাওয়ার পর সেখানে ইসরায়েলি হামলার কারণে আটকা পড়েছেন।
পাকিস্তান বংশোদ্ভূত হামজা ইউসুফ ইউরোপের প্রথম সারির মুসলিম নেতা হিসেবে পরিচিত। তিনি স্কটিশ ন্যাশনাল পার্টির (এসএনপি) প্রধান। দলটি ব্রিটেন থেকে স্কটল্যান্ডকে স্বাধীন করার জন্য গণতান্ত্রিক আন্দোলন চালিয়ে যাচ্ছে।
```",[],[],M
"```
তবে দেশের অন্যতম সেরা এ উচ্চ শিক্ষাপ্রতিষ্ঠানকে জমি দানকারী জমিদার জগন্নাথ রায় চৌধুরীর বংশধরদের বিশ্ববিদ্যালয় দিবসে নিমন্ত্রণ জানানো হয়নি।
```
কিছুই বলার নাই ",[],[],M
এইগুলো আবার দুনিয়াতে কিসের উপদ্রব? ,[],[],M
সন্ত্রাসবাদীরা কখনোই কোন ধর্মের অনুসারী অথবা দেশপ্রেমিক নয়। এদেরকে কঠোর শাস্তির আওতায় আনা উচিৎ।,[],[],M
"```
এমন কী বিশ্বকাপের ওই ম্যাচটিতে ভারত জেতায় (এবং পাকিস্তান হারায়) ইসরায়েল যে অত্যন্ত খুশি হয়েছে, সেটা জানাতেও তিনি কোনও রাখঢাক করেননি।
“কারণ ম্যাচটা জিতে পাকিস্তান তাদের জয় হামাসের সন্ত্রাসবাদীদের উৎসর্গ করার কোনও সুযোগ পায়নি!”, মন্তব্য করেছেন মি গিলন।
```",[],[],M
"```
সামরিক বাহিনীর সদস্যরা ব্যবহার করেন, এমন ধরনের একটি ছুরি দিয়ে শিশুটিকে ২৬ বার আঘাত করা হয়েছে। অধিকারকর্মীরা একে ‘বিদ্বেষমূলক হামলা’ অভিহিত করেছেন।
এ ঘটনায় সন্দেহভাজন হিসেবে ইলিনয়ের ৭১ বছর বয়সী এক বাসিন্দাকে আটক করা হয়েছে।
```",[],[],M
"```
গ্রেপ্তার জুয়েল বাংলাদেশ কৃষি উন্নয়ন করপোরেশনের (বিএডিসি) সহকারী পরিচালক পদে কর্মরত।
```
সহকারী পরিচালক তো বেশ বড় পদ!",[],[],M
"```
এরপর তদন্ত শুরু হয়। রাষ্ট্রীয় গোয়েন্দা সংস্থা, দুর্নীতি দমন কমিশনসহ (দুদক) সব প্রতিষ্ঠান নড়েচড়ে বসে। খবর পেয়ে মিঠু চক্রের প্রধান মোতাজ্জেরুল ইসলাম ওরফে মিঠু বিদেশে পাড়ি জমান। এখন তিনি নিউইয়র্কের কাছে ব্রংসভিল নামের একটি অভিজাত এলাকায় বাস করেন। আর রোলস রয়েস গাড়ি হাঁকান।
```",[],[],M
ছবিগুলো blur না করলেও হতো হয়তো ... এদের চেহারা এবং পূর্ণ পরিচয় সবার জানা উচিৎ যাতে এদের থেকে সাবধান হওয়া যায় ...,[],[],M
ছবিগুলো blur না করলেও হতো হয়তো ... এদের চেহারা এবং পূর্ণ পরিচয় সবার জানা উচিৎ যাতে এদের থেকে সাবধান হওয়া যায় ...,[],[],M
"```
But Dawkins (aged 82, remember) remains reassuringly phlegmatic. “I’m pretty sure this will pass, just as McCarthyism did. It’ll pass because it flies in the face of scientific reality,” he says. “I speak as a biologist. There aren’t many absolutely clear distinctions in biology. Mostly what we have is a spectrum. But the male-female divide is exceptional in biology. It really is a true binary.”
```",[],[],M
বিরাপ্পনকে ধরার অভিযানে স্থানীয় মানুষ কিভাবে নির্যাতিত হয়েছে সেটার একটা বর্ণনা,[],[],M
কুকুর বিপদগ্রস্ত মানুষকে সাহায্য করলেও মানুষ বিপদগ্রস্ত মানুষকে এড়িয়ে যায় প্রায়ই,[],['https://www.facebook.com/upsoclthekiwi/videos/1940153576361553/?__cft__[0]=AZVqhzGfA8Hn8xvVnme7X7-SU3nZjR6Kd--VheRVhtYCSbBvPQ9e5yzRvDvgASD9V9jEMVAGR-9sE8jkwUkNumGR5vToQxTp_tfgz4tmLKU3yiR9Pcp3Bjqt908dfRdtOJG_blhKnE1v0Hbsx6NPLB-46eDkrPqgEfLR2cmHBC0nyB70iirnmnQOFlbKlDFf394NPKvWis50yliz7e5dMQuH&__tn__=%2B%3FFH-y-R'],M
"```
তবে এক্সিকিউটিভ জেটে কীভাবে গ্রেনেড বা গ্রেনেডের বিস্ফোরণ ঘটানো যেতে পারে সে সম্পর্কে পুতিন আর কোনও তথ্য দেননি।
```",[],[],M
"```
Israel has arguably the most extensive and well-funded intelligence services in the Middle East.
It has informants and agents inside Palestinian militant groups, as well as in Lebanon, Syria and elsewhere.… See more",[],[],M
যুদ্ধ বিধ্বস্ত এবং না খেয়ে থাকা মানুষের এই দেশটি এগিয়ে যাচ্ছে কারণ এদের এগোনোর স্পৃহা আছে এবং যতটা জানি এরা তেমন একটা চোর নয়,[],[],M
"```
আর কদিন এই বৃষ্টি চলবে জানতে চাইলে তিনি বলেন, উত্তরাঞ্চলের রাজশাহী, রংপুর এবং ময়মনসিংহসহ অনেক জায়গায় বৃহস্পতিবার ও শুক্রবার বৃষ্টি থাকবে। শনিবার থেকে বৃষ্টি কমতে থাকবে। রোববারের পর আবহাওয়া শুকনো থাকবে।
পাহাড় ধ্বসের আশঙ্কার বিষয়ে তিনি বলেন, চট্টগ্রামে এখন বৃষ্টি চলছে। আরও বৃষ্টি হতে পারে। ভারী বর্ষণে পাহাড় ধ্বসের আশঙ্কা রয়েছে।
```",[],[],M
মাতৃত্বকালীন ছুটি দীর্ঘমেয়াদি হওয়া খুবই জরুরি। অথচ প্রায় কোন পদক্ষেপই আমি দেখি না।,['https://scontent-ord5-2.xx.fbcdn.net/v/t39.30808-6/384569878_728621222615289_3768349071079759327_n.jpg?stp=dst-jpg_p526x296&_nc_cat=110&ccb=1-7&_nc_sid=5f2048&_nc_ohc=ivmim9LffBoAX_Dbv7T&_nc_ht=scontent-ord5-2.xx&oh=00_AfC5fII_0MhVtD4ahF0AcTjsNYckKKJDhnWCP2uhDpw2DA&oe=65F4C55E'],[],M
খাবার স্যালাইন তৈরির নিয়ম মানার পাশাপাশি এটাও খেয়াল করতে হবে যেন অতিরিক্ত খাওয়ানো না হয়। বিশেষত শিশুদের।,['https://scontent-ord5-1.xx.fbcdn.net/v/t39.30808-6/383992552_819034043347892_7593662384328497655_n.jpg?stp=dst-jpg_s640x640&_nc_cat=106&ccb=1-7&_nc_sid=5f2048&_nc_ohc=NXI3yyFL1T0AX9q3Uxt&_nc_ht=scontent-ord5-1.xx&oh=00_AfB8bKf7qtPlwE74wcaOj2h-X-VChexEtlTk8KQ100_WjQ&oe=65F476FD'],[],M
"```
বিচরক প্যানেল বলেন, জিম ক্লার্ক একজন স্বশিক্ষিত ও সফল মানুষ হতে পারেন। তবে তিনি অনুভূতিশূন্য। তাঁর ভেতরে নিঃসন্দেহে অনেক প্রশংসনীয় গুণ রয়েছে, তবে সহানুভূতি নেই।
```",[],[],M
এই ঘটনাগুলো প্রায়ই দেখছি। প্রকাশ্যে কঠোরতম সাজা না দিলে কমবে বলে মনে হয় না।,[],['https://www.facebook.com/dbcnews.tv/videos/1510878126354275/?__cft__[0]=AZUNNMCSdz_p5I8GhRAV92VMvXrSiJ-Q00h6NPn1Wy8CCLp5xxSS4Qme-bZer3h6dKNVbR6o2uFSFosJd30CiSEHomU77ponoBw2bt1Sz7A5E1vlVkOXr1KJyPnKzSaV1DpHF9IZee4Kb6HctpifWpvYAI6eUGnArkAjcbvAb2FCAc8zUPrImI59MXkrdJnzq1sowSJgaTTesd3QqeeJ5M15&__tn__=%2B%3FFH-y-R'],M
এত এত ব্যর্থতা সংশ্লিষ্ট সরকারি অফিসগুলোর কর্মকর্তাদের ...,[],[],M
এইটা সবাই বুঝলেও দায়িত্বশীলরা কিছু করছেন না বলে মনে হয়। প্রশ্ন হল কিসের আশায়?,[],[],M
উদ্ভিদ কি যন্ত্রণা পায় না? সম্ভবত জগদীশ চন্দ্র বসু এটার উত্তর দিয়েছিলেন। অতি সভ্যরা উনার গবেষণা সম্পর্কে জানার সময়টা বাঁদর থেকে মানুষ হয়েছে নাকি হয় নাই এই গবেষণা করে কাটিয়েছে মনে হয়!,['https://scontent-ord5-2.xx.fbcdn.net/v/t39.30808-6/380799145_2555743024603497_3859915687846969082_n.jpg?_nc_cat=104&ccb=1-7&_nc_sid=5f2048&_nc_ohc=JeOphLkNABMAX9AxU34&_nc_ht=scontent-ord5-2.xx&oh=00_AfBbyBxk29-l7Ybac4CaX3-i6KEzMM3Pv10AOJxidSP2iQ&oe=65F56199'],[],M
"আমার জানা ছিল না যে স্ত্রী, সন্তান, ভাই বোন, ভাতিজা ভাতিজি, ভাগ্নে ভাগ্নি, দাদা দাদী, নানা নানীর সাথে কোন সম্পর্ক থাকতে নেই। এই বইয়ের বিজ্ঞাপন দেখে জানলাম।",[],['https://www.facebook.com/wafilife/videos/820255869807564/?__cft__[0]=AZU9HvOrCRBI0QAhiYjWa-u6qONz32i2PH_C4sb96KeE74jKkCQ_mEmjotIU5lcD_vD9W7-lClp-MmFV95g_GWgsjdIEL9hpNurNVEVvMnjGK9TP1NxKXxOx7mJroTlbwvr1-_pozyp6nrqdWSo1c4utSn0GVvuooiwd05vCjyn3Ik8HrEXwG58nwFu-6dqF3kRNMpMaUyLL71F32t9J5DxA&__tn__=%2B%3FFH-y-R'],M
"```
বঙ্গোপসাগরে সৃষ্ট লঘুচাপের প্রভাব ও সক্রিয় মৌসুমি বায়ুর কারণে আগামী সাতদিন দেশের বিভিন্ন অঞ্চলে ভারী বৃষ্টি হতে পারে বলে জানিয়েছেন আবহাওয়াবিদরা। বৃষ্টি বেড়ে তাপমাত্রা কমে দু-একদিনের মধ্যে দেশ থেকে তাপপ্রবাহ দূর হতে পারে বলেও জানিয়েছে আবহাওয়া অধিদপ্তর।
```",[],[],M
"দেশের উন্নয়নের অর্থ এইটা অবশ্যই নয় যে সমাজের একটা অংশ সুষম খাদ্য পাবে না?
অবশ্য চাটুকার আর সুবিধাবাদীদের থেকে এই প্রশ্নের উত্তর আশা করি না।",[],['https://www.facebook.com/BBCBengaliService/videos/1023241529095827/?__cft__[0]=AZVVburSOt6UVSi8JaitYbnDB-QVqIaaXqB1yiyi9LpR6RUwhuu2DtibGIre09MtceFTs_j_1gphagM4_UkVajnXIbVBmlSQWnrQ6L0oHhEBQHqfn2wmFz8KEONFoaXv_0HPOuxKMxwuq8lV0ne60fW82MkYWF8Y4r3k8ykkNT11AQMaJ2IPfvN_udMGpN3uhn6QGbT6Cti-6IIt0R-SzM7J&__tn__=%2B%3FFH-y-R'],M
কিশোরদের আচরণ যদি কিশোর সুলভ না হয় তাহলে কিভাবে কিশোর আইনের আওতায় আসে?,[],[],M
"```
মিরপুর বিদ্যুৎস্পৃষ্ট হলেও ভাগ্যগুণে বেঁচে গেছে সাত মাস বয়সী শিশু হোসাইন। তবে, মা-বাবা ও বোনকে হারিয়ে এতিম হয়ে গেল শিশুটি। ঝিলপাড় বস্তির বাসিন্দাই এখন তার সব। এদিকে, গতরাতে মারা যাওয়া চারজনের মরদেহ নিতেও ভোগান্তি। সোহরাওয়ার্দী হাসপাতালে মর্গের ডোম টাকা দাবি করলে ক্ষোভ জানায়, বস্তির বাসিন্দা ও হিজড়ারা।
```",[],[],M
"কিন্তু এই বড় অংশের প্রায় সবাই চায় আমেরিকা না হয় ইউরোপের কোন দেশে ক্যারিয়ার তৈরি করতে না হয় দেশে বসে এমন কাজ করতে যেটার client কোন না কোনভাবে পশ্চিমা কোন দেশ 
 রাশিয়া বা চীনে ক্যারিয়ার তৈরি করতে বা গিয়ে থাকতে মোটেও আগ্রহ দেখাবে না। এটাও জরিপে থাকা উচিত ছিল।
```
সম্প্রতি ঢাকা বিশ্ববিদ্যালয়ের উইমেন এন্ড জেন্ডার স্টাডিজ বিভাগের অধ্যাপক সৈয়দ মো. শাইখ ইমতিয়াজ একটি গবেষণার ফলাফল তুলে ধরেছেন। যেখানে এমন কিছু উদ্বেগজনক পরিসংখ্যান উঠে এসেছে।… See more",[],[],M
উনারা মসজিদে বিয়ে করেছেন এবং পরে নাচগান করেছেন অন্যত্র। এইটা নিয়েই এই ভিডিও।,[],[],M
"```
তবে এটাই তরুণ এই পেসারের একমাত্র বিতর্কিত পোস্ট না। এর আগে, গত ১৯ জুলাই ইমার্জিং এশিয়া কাপ চলাকালীন নিজের ফেসবুক পেজ থেকে বিশ্ববিদ্যালয়ের শিক্ষার্থীদের ‘ফ্রি মিক্সিং’ নিয়ে মন্তব্য করেছিলেন তিনি।
ওই পোস্টে লেখা ছিল, ‘ভার্সিটির ফ্রি মিক্সিং আড্ডায় অভ্যস্ত মেয়েকে বিয়ে করলে আর যাই হোক সন্তানের জন্য একজন লজ্জাশীলা মা দিতে পারবেন না।’
```
বিশ্ববিদ্যালয়ে যাওয়ার আগেই বিশ্ববিদ্যালয় নিয়ে জ্ঞান কিভাবে অর্জন করতে হয় সেটা জানতে চাইলে বোলারের সাথে যোগাযোগ করা যায়!",[],[],M
"```
হঠাৎ তাঁর এমন পোস্টের কারণ প্রসঙ্গে জানতে যোগাযোগ করা হলে প্রথম আলোকে বলেন, ‘নিত্যপ্রয়োজনীয় সবকিছুর দাম সাধারণ মানুষের নিয়ন্ত্রণের বাইরে। মানুষ বাঁচবে কীভাবে। খাবেটা কী? এমনটা তো ছিল না। কেন এমনটা হলো। বাধ্য হয়েই লিখলাম।’
```",[],[],M
"বর্তমানে ২০ বছর বয়সীর গত বছরে বয়স ছিল ১৯। ১৯ বছরেই এই বোলার ভাইটি নারীর কমনীয়তা নিয়ে এত গভীর অনুভূতি আর গভীর জ্ঞান অর্জন করেছেন দেখে বেশ অবাক লাগলো। দেশে বিয়ের আইনি বয়স ২১। উনি ২ বছর আগে থেকেই ""স্ত্রী""র ব্যাপারে ""সচেতন""।
```
২০২২ সালের ৯ সেপ্টেম্বর তানজিম সাকিব তার ভেরিফায়েড ফেসবুক পেজে একটি পোস্ট দিয়েছিলেন। এই পোস্ট নিয়েই যত বিতর্কের সূত্রপাত। সেই পোস্টে লেখা আছে, ‘স্ত্রী চাকরি করলে স্বামীর হক আদায় হয় না, স্ত্রী চাকরি করলে সন্তানের হক আদায় হয় না, স্ত্রী চাকরি করলে তার ক… See more",[],[],M
এইগুলো কোন accent সেটা বলে দিলে ভাল হতো ,[],[],M
"```
পুলিশি হেফাজতে মৃত্যুবরণকারী মাহসা আমিনির প্রথম মৃত্যুবার্ষিকীর দিনে তার বাবাকে গ্রেপ্তার করেছে ইরানের পুলিশ। তবে গ্রেপ্তারের কিছু সময় পর তাকে আবার ছেড়ে দেয় তারা। খবর রয়টার্সের
```",[],[],M
"কি চমৎকার দেখা গেল! বাহ!
রাষ্ট্রপক্ষের আইনজীবীও জামিন স্থগিতের আবেদন (বা এমন কিছু একটা) করেন নাই এবং তাকে নাকি ফোনেও পাওয়া যায় নাই। এই সংবাদে দেখলাম।",[],[],M
"বাংলাদেশের কোম্পানিগুলো নিয়ে এইরকমের অনুসন্ধিৎসু প্রতিবেদন তৈরি না করেই আমেরিকান কোম্পানি নিয়ে টানাটানি। দেশে ভোজ্য তেলের মূল্য, পোলট্রি দ্রব্য মূল্য কিভাবে রাতারাতি বেড়ে গেল সেটা নিয়ে প্রায় কিছুই দেখলাম না। মূল্যস্ফীতি নিয়েও তেমন কিছু নাই। অথচ আমেরিকানরা বা পশ্চিম ইউরোপীয়রা কি করছে সেটা নিয়ে আমাদের জানানোর এত কৌতূহল মিডিয়ার। কারণটা কি?",[],[],M
"```
নির্বাচন করে আলোচিত আশরাফুল হোসেন ওরফে হিরো আলম উপহার হিসেবে পাওয়া গাড়িকে অ্যাম্বুলেন্স বানিয়ে উদ্বোধন করেছেন। নোয়া ১৯৯৮ মডেলের গাড়িটির ফিটনেস সনদের মেয়াদ শেষ হয়েছে ২০১৩ সালের ১৫ জুলাই। ২০১৩ সালের ১৮ মার্চের পর থেকে ওই গাড়ির কর বকেয়া আছে। বর্তমানে গাড়িটির বিপরীতে বাংলাদেশ সড়ক পরিবহন কর্তৃপক্ষের (বিআরটিএ) পাওনা প্রায় পাঁচ লাখ টাকা। মাইক্রোবাসকে অ্যাম্বুলেন্সে রূপান্তর করার ক্ষেত্রে কোনো অনুমতিও নেননি তিনি।
```",[],[],M
"```
বিদেশে বাড়ি আছে এমন একজন পুলিশ ইন্সপেক্টর (ওসি) ইত্তেফাকের সঙ্গে আলাপকালে বলেন, ‘একটি থানায় পোস্টিং নিতে আমাদের ২০ থেকে ৫০ লাখ টাকা ঘুষ দিতে হয়। তারপরও এক বছর থাকা যায় না। এখন টাকা কামানো ছাড়া আমাদের কী করার আছে? মানুষের সেবা দেবো কখন? এর মধ্যে আবার রাজনৈতিক তদবির আছে। এখন আপনি যদি দুর্নীতি করেন বা দুর্নীতির সঙ্গে জড়িয়ে যান তাহলে তো আপনাকে নিরাপত্তা প্রতিরোধমূলক ব্যবস্থা নিতেই হবে। সরকার বদল হলে আমি যে দেশে থাকত পারব, চাকরি করতে পারব তার নিশ্চয়তা কী? ফলে আমাকে আগে থেকেই ব… See more",[],[],M
"```
ড. মুহাম্মদ ইউনূস ইস্যুতে বক্তব্য প্রদান ঘিরে শেষ পর্যন্ত বরখাস্ত হয়েছে ডেপুটি অ্যাটর্নি জেনারেল এমরান আহমেদ ভূইয়া। এমনকি নিরাপত্তাহীনতায় ভোগার কারণে তিনি বাসভবন ছেড়ে সপরিবারে ঢাকাস্থ মার্কিন দূতাবাসে আশ্রয় নিয়েছেন।
```",[],[],M
"```
বিশ্লেষকরা বলছেন, আগামী জানুয়ারির জাতীয় নির্বাচনের আগে বর্তমান সরকারের পক্ষে এসব লেখা ব্যবহার করে গুজবভিত্তিক প্রচারণা চালানো হচ্ছে। চীনের রাষ্ট্রীয় সংবাদ সংস্থা সিনহুয়া, ওয়াশিংটনভিত্তিক ফরেন পলিসি ম্যাগাজিনের সাউথ এশিয়া ব্রিফসহ বিভিন্ন জাতীয় ও আন্তর্জাতিক সংবাদমাধ্যমে এসব লেখা প্রকাশিত হয়েছে। খবর আল জাজিরা।
```",[],[],M
"```
বিশ্ব স্বাস্থ্য সংস্থার মহাপরিচালক তেদ্রোস আধনোম গিব্রাসুস জানান, উত্তর গোলার্ধে অবস্থিত দেশগুলোয় করোনার নতুন ধরনের দ্রুত বিস্তার ঘটছে। বিশেষ করে মধ্যপ্রাচ্য ও এশিয়ায় করোনায় মৃত্যুর সংখ্যা আবারও বাড়তে শুরু করেছে। হাসপাতাল ও আইসিইউতে ভর্তির ঘটনা বাড়ছে অ্যামেরিকা ও ইউরোপে।
```",[],[],M
"```
Such articles have been published by Chinese state news agency Xinhua, leading media across Asia, and quoted by the South Asia Brief of the Washington-based Foreign Policy magazine.
```",[],[],M
"```
মন্ত্রীর ছেলে রাকিবুজ্জামান আহমেদের ডাকে দেখা করতে না যাওয়ায় ২৯ আগস্ট দুপুরে কালীগঞ্জে উপজেলা নেসকোর কার্যালয়ে হামলা চালিয়ে নির্বাহী প্রকৌশলী রকি চন্দ্র রায়সহ (৪০) কয়েকজনকে লাঞ্ছিত করা হয়। কার্যালয়ে ভাঙচুরের ঘটনা ঘটে। হামলায় নেতৃত্ব দেন কালীগঞ্জ উপজেলা ছাত্রলীগের সভাপতি শরিফুল ইসলাম। পরে লাঞ্ছিত প্রকৌশলীকে সাময়িক বরখাস্ত করে নেসকো।
```",[],[],M
কুকুর মানুষের বাচ্চা মেরে ফেলেছে। আর কুকুর প্রেমীরা এসে কি করছে সেটাই দেখলাম।,[],['https://www.facebook.com/brieflybynewj/videos/561294949357632/?__cft__[0]=AZXZQ8fOyELTMyPbdsexzVTMuVzfu5uj0QOmakznY6U0G5FJmbk6NVncSuT5bplDYTe4kGmYGNof_MSDCM_Jnjl35atXfkln8gwQpmsTbQF1pe8weTPs-ot_jdcB52ot7_yRj-eCC6qZykyfErM561zAPB9db-mmowxxnhayNoFtDoTvFFbCMwIAH13Mc1VooJ5Kws-wqp1Wtot0g-VlX8ux&__tn__=%2B%3FFH-y-R'],M
ভারতের ঘটনা ...,[],['https://www.facebook.com/brutindia/videos/1277829876434814/?__cft__[0]=AZX4vpPDFJkelPti9auSh8ipwT_jOZGmWgVaYlV6xi437tTFFB4EWfPoJzGoEG0O58gMDPs7p1CAwrFdX3bT6XE5AxhyKrrIdTcpTG9udekX_zHk_FwogeReYe7tGqs6qi6aPtOV8sHPlwH4kOdfxHxHkiqQ5l7MGjbX2cc6fE_diPM_-MH9gWAs1OQhsrLi5gGBVoW-XZW1laG-1ejZmDB7&__tn__=%2B%3FFH-y-R'],M
"```
সিসি ক্যামেরার ফুটেজে দেখা যায়, গত সোমবার সকালে নগরীর চান্দগাঁও এলাকায় নিজ বাসার সামনে থেকে ৩ বছর বয়সী শিশু আবদুল্লাহ’কে বোরকা পরিহিত এক নারী ইশারায় ডেকে নিয়ে যাচ্ছেন। এরপর থেকেই নিখোঁজ ছিলো শিশুটি। এ ঘটনায় শিশুটির মা চান্দগাঁও থানায় মামলা করলে তৎপর হয় পুলিশ।
```",[],[],M
News link: https://www.prothomalo.com/bangladesh/uwrvn2a2dy,['https://scontent-ord5-1.xx.fbcdn.net/v/t39.30808-6/375067442_704115378422059_6551814875480457991_n.jpg?stp=dst-jpg_p526x296&_nc_cat=106&ccb=1-7&_nc_sid=5f2048&_nc_ohc=qmUE3omOcScAX-pABPt&_nc_ht=scontent-ord5-1.xx&oh=00_AfCs--xPKELiPcc-sSspdTcMKcTyLbLI0FDob2lxhqlwBA&oe=65F47297'],[],M
"```
প্রতিবেশীর কুকুর কামড়েছিল ১৪ বছরের স্কুলপড়ুয়াকে। কিন্তু বাড়িতে ধমকের ভয়ে মা-বাবার কাছে কুকুরের কামড়ের কথা গোপন করে গিয়েছিল সে। মাসখানেক পর জলাতঙ্কে মৃত্যু হল তার। ঘটনাটি ঘটেছে গাজ়িয়াবাদে।
```",[],[],M
"```
সুপ্রিম কোর্টের আইনজীবী ও রাষ্ট্রের এই আইন কর্মকর্তা সোমবার সাংবাদিকদের বলেন, ‘রোববার অ্যাটর্নি জেনারেল কার্যালয়ের পক্ষ থেকে ড. ইউনূসের বিরুদ্ধে পাল্টা বিবৃতি দেওয়ার সিদ্ধান্ত হোয়াটসঅ্যাপ গ্রুপে জানানো হয়। যেখানে সোমবার বিকেল ৪টার মধ্যে বিবৃতি স্বাক্ষর করার কথা বলা হয়। তবে আমি ব্যক্তিগতভাবে স্বাক্ষর করব না বলে সিদ্ধান্ত নিয়েছি। আমি স্বাক্ষর করার সাথে একমত নই। আমি মনে করি ড. ইউনুসের বিষয়ে যে বিবৃতি ও পাল্টা বিবৃতি দেয়া হচ্ছে সেটির প্রয়োজন নেই। আর আমি মনে করি ওনার বিরুদ্ধে … See more",[],[],M
ভারতের ঘটনা ...,[],['https://www.facebook.com/brieflybynewj/videos/1018003861995408/?__cft__[0]=AZXqXY-B0kowlzAJKGucVuLqWH6t8STEJkWpf-9vAgyXkXCsO7Y87m6LZtGTAlxXgVgHsEBHYyO1ZWcMypooS7S-lfyJ8ywq4XKt6pLttuiBSaQzQItdSXWpwxBUMwix7Uulv9Pf5y4rMzrHbz3bZXyFtOGZV_WpU5nNVhoQFDE0e2LatcNggxCigdNsyg1aG2-AfFW5pY0j7mMzaANajpuk&__tn__=%2B%3FFH-y-R'],M
এইটা বললে অনেকেই রাগ করে ...,[],[],M
ডাক্তার সাহেবদের পক্ষে কথা বলার মানুষের যথেষ্ট অভাব ... চিকিৎসা ব্যবস্থার দুরাবস্থার জন্য যে ব্যবসায়ীদের একটা অংশ দায়ী এইটা কেউই মানতে চান না।,[],[],M
অনেক কাল আগে প্রিয়তমার সাথে,['https://scontent-ord5-1.xx.fbcdn.net/v/t39.30808-6/372911153_6530094150360788_3120794727710432272_n.jpg?stp=dst-jpg_p526x296&_nc_cat=109&ccb=1-7&_nc_sid=5f2048&_nc_ohc=uGmZKYGb64wAX-ZSPcQ&_nc_ht=scontent-ord5-1.xx&oh=00_AfA60PFZHuPGvJ5Lbfx6e7AYhZhJWZPQ3qGoiY9d7dSl6g&oe=65F3EC92'],[],M
"```
গত ৩-৪ মাস ধরে মেয়েটিকে অনৈতিক প্রস্তাব দেয় মিশু ও তার স্বামী আতিক। এতে রাজি না হওয়ায় বিভিন্ন সময় মেয়েটির ওপর নির্যাতন চালায় তারা।
অভিযোগে আরও বলা হয়, মিশুর বাসায় প্রভাবশালীদের আসা-যাওয়া ছিল। মিশু সম্ভ্রান্ত পরিবারের পুরুষদের তার ফ্ল্যাটে এনে মেয়েদের সঙ্গে অশ্লীল ছবি তুলে ফাঁসিয়ে টাকা আদায় করতেন।
```… See more",[],[],M
"নিজের রুমে নিয়ে মারধর করার ব্যাপারটা বুঝলাম না। ইসলাম ধর্মের কোথায় মারধর করে মেরে ফেলার হুকুম আছে? আর মারধর করার আদৌ দরকার কি?
```
প্রত্যক্ষদর্শী ও স্বজনরা জানায়, রোববার (২৭ আগস্ট) বিকেলে শিক্ষক আমিনুল ইসলাম নিজের রুমে নিয়ে হেফজখানার শিক্ষার্থী আবিরকে মারধর করে। পরে অসুস্থবোধ করলে তাকে সদর হাসপাতালে নেয়া হয়। সেখানে চিকিৎসক আবিরকে মৃত ঘোষণা করেন।
```",[],[],M
"```
খাদ্যপণ্যের বেশির ভাগই উৎপাদন হয় গ্রামে। পরিবহন ব্যয় এবং বিপণন প্রক্রিয়ায় পাইকারি ও খুচরা পর্যায়ে কয়েক হাত বদল হয়ে শহরের ভোক্তার কাছে আসে এসব পণ্য। আবার গ্রামের মানুষের আয় কম এবং তাদের ক্রয়ক্ষমতাও কম। ফলে গ্রামে মূল্যস্ফীতি শহরের তুলনায় কম থাকার কথা। তবে বাংলাদেশ পরিসংখ্যান ব্যুরোর (বিবিএস) পরিসংখ্যান বলছে উল্টো কথা। শহরের চেয়ে গ্রামে মূল্যস্ফীতি বেশি। অন্তত তিন অর্থবছর ধরে এমন পরিসংখ্যানই পাওয়া যাচ্ছে।
```",[],[],M
এই মূল্য ফারাকের কথা তুললেই সংশ্লিষ্টরা ক্ষেপে উঠেন। জবাবদিহিতা না থাকারও কোন জবাবদিহিতা নাই।,[],['https://www.facebook.com/channel24biz/videos/685386139650152/?__cft__[0]=AZUUIvC8I03bMKoqNkt3hE_QJ7XB1zPy8UucMEWOgXRa84vEXdtwYnE1fl5Lm3J8oVvehuYlg2A3Bma49y42CKx69CzpqflcJJ6E87_hZhTvdKrY0czf5X9xBt3ySpbvA6nxJ5cSAoHaZGHQ1CBFktb4I2tdFrx-b7GUslnsoipQGS87rAM6bpgaNKf1HwkvVDBmMaib1zmcR2LiGNTv2ua6&__tn__=%2B%3FFH-y-R'],M
"```
বিশ্ব অর্থনীতির এ রকম এক সংকটের সময় সারা বিশ্বেই অর্থনীতিসংক্রান্ত নীতিনির্ধারকেরা আছেন চালকের আসনে। অথচ বাংলাদেশে অর্থনীতি বিষয়ের নীতিনির্ধারকদের দেখাই পাচ্ছেন না সংশ্লিষ্ট ব্যক্তিরা। অর্থমন্ত্রী নিয়মিত কার্যালয়ে আসেন না। অর্থসচিব কারও সঙ্গে কথা বলেন না। বাংলাদেশ ব্যাংকের গভর্নরের সঙ্গেও দেখা পাওয়া দুষ্কর। জাতীয় রাজস্ব বোর্ডের (এনবিআর) চেয়ারম্যান কোনো অনুষ্ঠানেই যান না। এসব নীতিনির্ধারকের সঙ্গে বেসরকারি খাতের উদ্যোক্তা, গবেষক বা অর্থনীতিবিদ—কারও সঙ্গে কোনো যোগাযোগ নেই। ত… See more",[],[],M
স্যারকে ধন্যবাদ এই কথাগুলো বলার জন্য।,[],[],M
"দেশের সবাই ঠিকমত পুষ্টি পাচ্ছে কি না সেটা জি,ডি,পি,র চেয়ে বেশি জরুরি। বিশ্ববিদ্যালয় থেকে উত্তীর্ণ হওয়া যে কেউ এটা বোঝার কথা। যদিও সেটার কোন প্রতিফলন দেখি না।",[],['https://www.facebook.com/channel24biz/videos/317549994044863/?__cft__[0]=AZWQlrIyr0Hz7bBE1tu2wKK--eblQzRp5v0h4NSjjK-w29tJuMXiT4qWaR-qKTC25uT1_fD8Ds9LA7y4yPZOurb9MS1ThRp_sRvZGeYyS_lhNeEMck2b4P8Rd4OB8Pgt-RCHTBY_hhDZ-rGnSCOdTd0H04ZZh5E9OdnJ5dS5Szr9Obs0qQDlanCaLzml8dd_TWHEqnim0BumeFlpsvWWpFj4&__tn__=%2B%3FFH-y-R'],M
"```
অর্থনীতির দুর্বল প্রবৃদ্ধির অর্থ হলো চীনা জিনিসপত্রের দাম ক্রমশ কমছে।
বিশ্বব্যাপী চীনা পণ্যের চাহিদা কমে যাওয়ায় আমদানি ও রপ্তানিও তীব্রভাবে কমেছে। ফলে কোভিড মহামারির পর বিশ্বের এই দ্বিতীয় বৃহত্তম অর্থনীতিকে আবার চাঙ্গা করার সম্ভাবনা এখন হুমকির মুখে পড়েছে।
```",[],[],M
Link: https://www.prothomalo.com/opinion/column/rtd4gbowbl,['https://scontent-ord5-2.xx.fbcdn.net/v/t39.30808-6/366357498_693892076111056_4014312677208558424_n.jpg?stp=dst-jpg_p526x296&_nc_cat=102&ccb=1-7&_nc_sid=5f2048&_nc_ohc=bPuFLBogaSMAX-O7dn1&_nc_ht=scontent-ord5-2.xx&oh=00_AfAwyXXTz9bhQbH7FObXANj7xBGWytaoJptrUEemYJDt9A&oe=65F52DD1'],[],M
"```
সারা পৃথিবীজুড়ে মানুষের মাথা ব্যাথার কারণ হয়ে দঁড়িয়েছে দ্রব্যমূল্যের উর্ধ্বগতি। তবে চীনের চিত্রটা যেন পুরোপুরি ভিন্ন। সাম্প্রতিক সময়ে বিশ্বের অনেক দেশেই যখন মূল্যস্ফীতি একটা বিরাট সমস্যা হয়ে দাঁড়িয়েছে, তখন চীনে দেখা যাচ্ছে এক উল্টো অবস্থা। দেশটিতে চলছে মূল্য-সংকোচন। মুদ্রাস্ফীতির হার কমতে কমতে ঋণাত্মক পর্যায়ে চলে গেছে দেশটিতে।
```",[],[],M
"```
গতকাল দুপুরে কুয়াকাটার মহিপুর মৎস্য বন্দরের ফয়সাল ফিস আড়তে নিলামে এই মাছ প্রায় ৪০ লাখ টাকায় (৩৯ লাখ ৭০ হাজার) বিক্রি করেন মিজান মাঝি।
চলতি মৌসুমে কোনো জেলের জালে এটাই সর্বোচ্চ পরিমাণ ইলিশ ধরার খবর।
```",[],[],M
"```
রাজধানীর মতিঝিলের আইডিয়াল স্কুল অ্যান্ড কলেজের পরিচালনা কমিটির দাতা সদস্য একজন ছাত্রীকে বিয়ে করেছেন। এটা তো বিকৃত রুচির লক্ষণ। সোমবার (১৪ আগস্ট) আইডিয়াল স্কুল এন্ড কলেজের অধ্যক্ষের আগাম জামিনের আবেদনের শুনানিকালে বিচারপতি শেখ মো. জাকির হোসেন ও বিচারপতি এ কে এম জহিরুল হকের দ্বৈত হাইকোর্ট বেঞ্চ এ মন্তব্য করেন।
```",[],[],M
"```
কিশোরের মায়ের ভাষ্য, ছয় মাস আগে থেকে তাঁর ছেলের আচরণে পরিবর্তন আসে। মাঝেমধ্যে ঘরের দরজা বন্ধ করে কান্নাকাটি করত। কারণ জানতে চাইলে বলে না। টিউশনি, খাতা-কলম, টিফিনের টাকা ঠিকমতো পরিশোধ করে না। টাকা কী করে, তাও বলে না। এক সপ্তাহ আগে কান্নাকাটি করে সব খুলে বলে। শুনে তিনি হতবাক।
পরিবারের সদস্যরা বলছেন, স্কুলের খেলার মাঠে বর্ষণের সঙ্গে পরিচয় হয় কিশোরের। এক দিন তাকে ঘুরতে নিয়ে গিয়ে ধূমপান করায়। পরে সাদীপুর বিলের একটি পুকুর পাড়ে ট্যাবলেট জাতীয় কিছু খেতে দেয়। এ সময় দলের অন্যরা ভি… See more",[],[],M
আমাদের দেশের বিভিন্ন প্রকৌশল বিশ্ববিদ্যালয় থেকে পড়াশুনা শেষ করে সরকারি প্রকৌশলী হিসেবে এনারা কর্মরত আছেন তাই তো?,[],[],M
স্কুলের অধ্যক্ষ অবশ্যই শিক্ষা নিয়ে বলতে পারেন। ঢাকায় আরও অনেক ভাল ভাল স্কুলের শিক্ষকরা এবং বিশ্ববিদ্যালয়ের শিক্ষকরা আছেন। তাদের অংশ নিতে অনুরোধ না করে আইনজীবী আর স্টার্টআপ প্রতিষ্ঠাতাদের ডেকে আনার অর্থ কি?,['https://scontent-ord5-2.xx.fbcdn.net/v/t39.30808-6/366799292_689625616537702_5640708688877690086_n.jpg?stp=dst-jpg_p526x296&_nc_cat=110&ccb=1-7&_nc_sid=5f2048&_nc_ohc=Wud91QTKnK4AX_vBfiM&_nc_ht=scontent-ord5-2.xx&oh=00_AfDNWVvZiXUnuu5mDQzdZ1Rzbh3YxFw0Oim4RRoz3KOMSg&oe=65F4D1C5'],[],M
বেশ বড় স্বাস্থ্যঝুঁকি আছে বলে মনে হচ্ছে ...,[],['https://www.facebook.com/dbcnews.tv/videos/130550573403107/?__cft__[0]=AZXYgE9_evvRuVTYd6-sdvDXt8QC0BU3bi1lZiCiUi4KP3v0VNylHhjOdkoXy9hlJDl2k7OdP-v7FLnjd6Jm5CBXrftR8-daPIdRC_oOZX8RqZoRYoNyzfbGmk7XOoDY3KNtXHeVcsG33hIZy4XdLA1NjLlUEePFMbyhH90vkfiGCK9wyJAd2-smhJ6-pPHcb2bQ1LWe5SvjxeJ-MJsOY0QQ&__tn__=%2B%3FFH-y-R'],M
"```
পলিসি রিসার্চ ইনস্টিটিউটের নির্বাহী পরিচালক অহসান এইচ মনসুর বলেন, ব্যাংকটিকে শেষ করে দেওয়ার অংশ হিসেবেই এই গ্রুপের হাতে তুলে দেওয়া হয়েছে। এই ব্যাংকের পরিণতি ফারমার্স ব্যাংকের মতো হলে বড় আকারের ক্ষতির মুখে পড়বে অর্থনীতি। কারণ, এই ব্যাংক ৫০টি ফারমার্স ব্যাংকের সমান। ব্যাংকটির আমানতকারীদের এখন বোঝা উচিত, কোথায় টাকা রেখেছেন। কারণ, সরকার ও বাংলাদেশ ব্যাংক এই ব্যাংকের বিষয়ে অন্ধ হয়ে গেছে। কোনো পদক্ষেপ নিচ্ছে না।
```",[],[],M
"```
তিনি বাংলাদেশ ব্যাংকে কর্মরত আছেন।
```",[],[],M
কিছু সরকারি চাকরিজীবী দাবি করেন যে তারা নাকি সিস্টেমে ঢুকে সিস্টেমের পরিবর্তন আনছেন। একটা পরিবর্তনের নমুনা।,['https://scontent-ord5-2.xx.fbcdn.net/v/t39.30808-6/366050679_24442030292063336_4739008527074965239_n.jpg?stp=cp6_dst-jpg_p843x403&_nc_cat=103&ccb=1-7&_nc_sid=5f2048&_nc_ohc=Nt4hrgB8CToAX-dshgT&_nc_ht=scontent-ord5-2.xx&oh=00_AfBiU1ztQpWislu6DDnemSh42L0qw8npKM2CyFK7Kn4Daw&oe=65F48521'],[],M
পেশাজীবীদের বড় অংশ নিম্নবিত্তের কথা ভাবলে দেশে অনেক ভাল কিছুই হতো। কিন্তু উনারা একটু বেশিই ব্যস্ত। যেই ব্যস্ততা সমাজকে কিছু দিতে পারে না সেই ব্যস্ততার কোন মূল্য নাই।,['https://scontent-ord5-1.xx.fbcdn.net/v/t39.30808-6/364791049_7010222528988063_6501556743931645850_n.jpg?stp=dst-jpg_p526x296&_nc_cat=109&ccb=1-7&_nc_sid=5f2048&_nc_ohc=Co5Ih1ExiLcAX9XqWq9&_nc_ht=scontent-ord5-1.xx&oh=00_AfA9-PQVS88DQzIWaHZHD9Oz3kSYprecBqy8_1OWuXKZ2A&oe=65F4A347'],[],M
"```
প্রকল্পগুলো বাস্তবায়ন করেছে বিভিন্ন এনজিও। এসব এনজিওর কোনো কোনোটির পরিচালনা পর্ষদে রয়েছেন রাজনীতিবিদ, সাবেক আমলা, বিশ্ববিদ্যালয়ের উপাচার্য, চলচ্চিত্রের অভিনেতাসহ প্রভাবশালী ব্যক্তিরা। কেউ কেউ বলেছেন, খাতিরের কারণে এসব প্রকল্প নেওয়া হয়েছে। তারপর ইচ্ছেমতো অনিয়ম করা হয়েছে।
```",[],[],M
Rich Dad Poor Dad বইটার লেখকের (এবং তার অন্ধ অনুসারীদের) এই উপদেশগুলো সত্যিই দরকার ...,['https://scontent-ord5-1.xx.fbcdn.net/v/t39.30808-6/364165406_662591552581732_7687401705236847406_n.jpg?stp=dst-jpg_s720x720&_nc_cat=109&ccb=1-7&_nc_sid=5f2048&_nc_ohc=UYHFRRTGvf8AX-ywW_o&_nc_ht=scontent-ord5-1.xx&oh=00_AfAVIgy0_VfaQT077Fm8lhNi7Cxnd_IqLZoi0MXdb3cW2g&oe=65F3AA2A'],[],M
এই বাস্তবতা নিয়ে কথা বললে কিছু কর্পোরেট লোকজন ক্ষেপে উঠেন। যেই সিড়ি বেয়ে উপরে উঠেছেন তারা সেই সিড়ি ভুলে গেছেন কি না সেটা জানি না।,[],[],M
আব্বু এই ব্যাপারটা আমাকে আর ভাইয়াকে শিখিয়েছে। তবে আব্বুর শিক্ষাটা কতটুকু মানতে পারছি সেটা জানা যাবে পরকালে। দুনিয়াতে কতখানি ভাল আর কতখানি মন্দ করলাম সেটা দুনিয়াতে জানতে পারা আসলেই অসম্ভব।,['https://scontent-ord5-2.xx.fbcdn.net/v/t39.30808-6/362274116_647560573969817_1299584715558434985_n.jpg?_nc_cat=104&ccb=1-7&_nc_sid=5f2048&_nc_ohc=ra59kzK-RkEAX9wi4dP&_nc_ht=scontent-ord5-2.xx&oh=00_AfCTfKnAM1gjrbz8CX_1umoNCtcDjnoRR_umOrnSfGamhA&oe=65F47D8D'],[],M
"```
‘১০ হাজার টাকা ঋণের জন্য গরিব কৃষকের কোমরে দড়ি পড়ে। আর বড় বড় খেলাপিরা ঋণ পরিশোধ ঠেকাতে আইনজীবী নিয়োগ করতে কোটি টাকা ঢালে।’ 
আজ সোমবার সোনালী ব্যাংকের ঋণ খেলাপির এক মামলার শুনানিতে প্রধান বিচারপতি হাসান ফয়েজ সিদ্দিকীর নেতৃত্বে আপিল বিভাগ এমন মন্তব্য করে ঋণ খেলাপি বিষয়ে অসন্তোষ প্রকাশ করেন। নারায়ণগঞ্জের এক ব্যবসায়ীর ঋণ পরিশোধে আপত্তি জানানোর আবেদনের ওপর শুনানিতে এ মন্তব্য করা হয়।
```",[],[],M
"```
বাংলাদেশ-ইন্ডিয়া ফ্রেন্ডশিপ পাওয়ার কোম্পানি লিমিটেডের (বিআইএফপিসিএল) উপ-মহাব্যবস্থাপক আনোয়ারুল আজীম এ তথ্য নিশ্চিত করে বলেন, কয়লা সংকটের কারণে শনিবার মধ্যরাত থেকে প্রথম ইউনিটের উৎপাদন বন্ধ রয়েছে। কয়লা আমদানির জন্য সব ধরনের প্রক্রিয়া সম্পন্ন করা হয়েছে। 
আগামী ৮ আগস্ট কয়লা এসে পৌঁছালে পুনরায় উৎপাদনে যাওয়া যাবে বলে আশা প্রকাশ করেন তিনি।
```",[],[],M
"```
What Ponsin didn't know was that Tesla employees had been instructed to thwart any customers complaining about poor driving range from bringing their vehicles in for service. Last summer, the company quietly created a ""Diversion Team"" in Las Vegas to cancel as many range-related appointments as possible.
```",[],[],M
https://twitter.com/alexkap.../status/1684044616528453633...,[],[],M
"```
আবারও বলছি, কোনও পরিস্থিতিতেই কারও গায়ে হাত তোলা সমর্থনযোগ্য নয়। কিন্তু পরিস্থিতি বিবেচনায় হাবিবুর রহমানকে ক্ষমা করে দেওয়া উচিত ছিল। মামলা করলেও অন্তত সন্তানের চিকিৎসা শেষ না হওয়া পর্যন্ত তাকে গ্রেফতার না করলেও চলতো। ডাক্তারের ওপর হামলা যতটা বেআইনি, একজন অসহায় পিতাকে কারাগারে পাঠানো তারচেয়ে অনেক বেশি অমানবিক। আইনের তবু নানা সীমাবদ্ধতা আছে, মানবিকতার তো কোনও সীমা-পরিসীমা নেই।
```",[],[],M
"```
শনিবার(২৯ জুলাই) সকালে নগরীর কাশিপুর বাজারে এ ঘটনা ঘটে। পুলিশ ছুরিকাঘাতকারী সাবেক সেনা সদস্য মো. সোহেল রানা (৫০) কে আটক করেছে। তিনি নগরীর কাশিপুর ইছাকাঠি এলাকার বাসিন্দা।
...
স্থানীয়রা জানান, কাশিপুর বাজারে ব্যবসায়ীরা ২৫০ থেকে ৩০০ টাকা কেজি দরে কাঁচামরিচ বিক্রি করে। সোহেল রানা বাজারের সামনে এসে মাইকিং করে ১২০ টাকা কেজিদরে মরিচ বিক্রি করে। তখন নিহত কামালসহ আহতরা এসে ওই দামে মরিচ বিক্রি করতে নিষেধ করে। কিন্তু সোহেল রানা রাজি হয়নি। এতে তাকে বাজারের সবজি বিক্রেতা কয়েকজন মিলে … See more",[],[],M
"```
As per the report, the neighbours of the family initially got suspicious after the child went missing for days but the parents showed no sign of anxiety. Their suspicion grew after they noticed the parents, who were facing financial difficulties in the past, having an iPhone 14 which costs over Rs 1 lakh.
...
...
A similar incident happened in China in 2016 when a Chinese couple sold their 18-day-old daughter in order to pay $3530 for an iPhone.… See more",[],[],M
"```
মতিনের কাছে প্রথমে জানা গেল গাড়ির দাম এত বেশি হওয়ার পেছনের কারণ, '২৫ লাখ টাকা গাড়ির দাম ওঠে, কারণ নতুন রেজিস্ট্রেশন (নিবন্ধন) দেওয়া হয় না। যাদের আগের নিবন্ধন আছে তারা বিক্রি করতে চাইলে তবে আপনি গাড়ি পাইবেন, নাইলে না। তাই ইচ্ছামতো দাম ধরার সুযোগ পুরানা মালিকদের আছে। ২০০৮ সালের দিকে চালকদের জন্য পাঁচ হাজার সিএনজি বরাদ্দ দেওয়ার কথা হইছিল। কিন্তু মালিক সমিতি মামলা দেওয়ায় সুযোগটা আমাদের হাতছাড়া হয়ে গেছে।'
```",[],[],M
"```
জার্মানির লাইপজিগ ইউনিভার্সিটির প্রকাশিত এক বিশ্লেষণে দেখা গেছে, জুলাই মাসে বৈশ্বিক তাপমাত্রা অতীতের সব রেকর্ড ভেঙে দেবে। এ মাসের গড় বৈশ্বিক তাপমাত্রা প্রাক-শিল্প গড়ের চেয়ে প্রায় ১ দশমিক ৫ ডিগ্রি সেলসিয়াস (২ দশমিক ৭ ডিগ্রি ফারেনহাইট) বেশি হবে বলে ধারণা করা হচ্ছে।
```",[],[],M
"```
বিশেষজ্ঞরা বলছেন, উন্নয়ন প্রকল্প প্রস্তাবনা (ডিপিপি) তৈরিতেই গলদ ছিল। এখন কাজে দেরির কারণে প্রকল্পের ব্যয় বেড়ে যাচ্ছে। তবে কত টাকা বাড়ছে, তা চূড়ান্ত হয়নি। ৩ হাজার ৮০৮ কোটি টাকা ব্যয়ে সরকারি ও ওয়াসার নিজস্ব তহবিলে এই প্রকল্প বাস্তবায়িত হচ্ছে। ওয়াসা দিচ্ছে ৫০ কোটি টাকা।
```
অনেক প্রকল্পেই দেখি প্রচুর ভুল থাকে। এমন যাতে না হয় সেই ব্যাপারে কোন পদক্ষেপ প্রকৌশলী এবং প্রকৌশল পড়ে প্রশাসক হিসেবে কাজ করা ব্যক্তিরা নিচ্ছেন না কেন? এটা জানার আগ্রহ থাকলো।",[],[],M
"```
রাজধানীর বিমানবন্দর সড়কের গুরুত্বপূর্ণ কুড়িল ফ্লাইওভারে ত্রুটি ধরা পড়েছে। এর সম্প্রসারিত সংযোগ বা এক্সপানশন জয়েন্টেগুলো এরইমধ্যে ক্ষতিগ্রস্থ। ফলে যানবাহন চলাচলে দুর্ঘটনার ঝুঁকি বাড়ছে। সরেজমিন ফ্লাইওভার ঘুরে এসব পর্যবেক্ষন দিয়েছেন যোগাযোগ বিশেষজ্ঞ ড. হাদিউজ্জামান। এসব অভিযোগ স্বীকার করে- সমস্যা সমাধানে দীর্ঘমেয়াদী সংস্কার নয়- বরং বিকল্প পথে হাটছে সড়ক ও জনপদ অধিদপ্তর।
```",[],[],M
"```
ঠিকানাবিহীন এই বৃদ্ধা জানিয়েছেন, ঢাকায় ছেলের সঙ্গে থাকতেন তিনি। কয়েক দিন আগে কাপড়ের ব্যাগ হাতে দিয়ে তাকে বাসে তুলে ছেলে বলেছেন, ‘তুমি আর কখনো বাড়িতে আসার চেষ্টা করবে না, যেদিকে চোখ যায় সেদিকে চলে যাও।’
```",[],[],M
"```
তাদের এই উদ্ধার অভিযানে নেতৃত্ব দেন ধানসিঁড়ি ইউনিয়ন পরিষদের সদস্য (মেম্বার) মো. বাবু। তিনি বলেন, ‘বিপরীতগামী অটোরিকশাকে সাইড দিতে গিয়ে চালক নিয়ন্ত্রণ হারিয়ে বাসটি পুকুরে ফেলে দেন। সঙ্গে সঙ্গে চালক পালিয়ে যান। তাৎক্ষণিক এলাকাবাসী এবং আশেপাশের -দোকানিদের সঙ্গে নিয়ে পুকুরে ঝাঁপিয়ে পড়ি আমরা। বাসটি পড়ার পর ডুবে যায়। জানালার গ্লাস ভেঙে আট জনের লাশ উদ্ধার করেছি। এ ছাড়া আহত ১৩ জনকে উদ্ধার করে সড়কে নিয়ে আসি। উদ্ধারকালে জানালার গ্লাসে আমার এবং রনির হাত কেটে গেছে। এরপরও উদ্ধার অভিযা… See more",[],[],M
"```
কিন্তু তার পরেও বাংলাদেশ খাদ্য মূল্যস্ফীতি কমিয়ে আনতে পারছে না কেন এমন প্রশ্নের জবাবে বাংলাদেশে বিশ্বব্যাংকের সাবেক প্রধান অর্থনীতিবিদ জাহিদ হোসেন বলছেন কেন্দ্রীয় ব্যাংক মূল্যস্ফীতি কমিয়ে আনার যুদ্ধটাই শুরু করেনি, বরং তাদের কিছু পদক্ষেপ খাদ্য মূল্যস্ফীতি বাড়িয়ে দিয়েছে।
```
দেশের কেন্দ্রীয় ব্যাংকে অসামান্য মেধাবী কিছু মানুষ আছেন বলে শুনি। কিন্তু উনাদের পদক্ষেপের কোন প্রভাব তো দেখি না। কেন দেখি না এইটা নিয়ে কিছু বললে প্রতিবেদনটি সম্পূর্ণ হতো হয়তো।",[],[],M
"```
বিষয়টির অনুসন্ধান করতে গেলে নির্ভরযোগ্য একটি সূত্র ব্লিটজকে জানায়, যুক্তরাষ্ট্রে এ ধরনের নামসর্বস্ব অসংখ্য প্রতিষ্ঠান রয়েছে। এগুলো মূলত আফ্রো-আমেরিকানরা পরিচালনা করেন। মূলত অর্থের বিনিময়ে সম্মাননা দিয়ে তাঁরা আয় করেন। আর গ্রহণযোগ্যতা বাড়াতেই তাঁরা জো বাইডেনের মতো বড় বড় ব্যক্তিদের নামও পুরস্কারের তালিকায় যুক্ত করেন।
```",[],[],M
একজন নিরহংকার মানুষের লিখা। পড়ে বেশ ভাল লাগলো।,[],[],M
"```
৪র্থ শ্রেণির শিক্ষার্থী সিফাত হোসেন। মাসুদ রানা ও শিল্পী খাতুনের আদরের একমাত্র সন্তান ছিলো সে। বাবা মায়ের আদরের এই সিফাতের কাধেঁই এখন যেনো পাহাড় সমান দায়িত্বের বোঝা।
```",[],[],M
কিছু যুক্তিপূর্ণ কথা,[],[],M
"```
ভারতের মণিপুরে দুই নারীকে নগ্ন করে ক্যামেরার সামনে রাস্তায় হাঁটানোর ঘটনার নিন্দা জানিয়ে কড়া প্রতিক্রিয়া দেখিয়েছে সুপ্রিম কোর্ট। প্রধান বিচারপতি ডিওয়াই চন্দ্রচূড় বলেছেন, যদি সরকার এ ব্যাপারে পদক্ষেপ না নেয় তাহলে সুপ্রিম কোর্ট ব্যবস্থা নেবে। বৃহস্পতিবার তিনি এ মন্তব্য করেন। খবর-এনডিটিভি
```",[],[],M
"```
বুধবার (১৯ জুলাই) বুয়েটের রেজিস্ট্রার অধ্যাপক ড. মো. ফোরকান উদ্দিন স্বাক্ষরিত প্রজ্ঞাপনে ক্যাম্পাসের ভেতরে কিংবা বাহিরে শিক্ষার্থীরা রাজনীতিতে জড়ালে ব্যবস্থা নেওয়ার কথা বলা হয়।
```",[],[],M
খুবই পরিচিত কাহিনী। আমার খুব নিকট এক আত্মীয়ের কাহিনী। Tamanna Ismat Shajlee তুমিও তাকে চেনো। উনার পরিবারের ঘটনাগুলো উঠে এসেছে এই নাটকে।,[],[],M
এই পোস্টে কিছু মানুষ হা হা দিয়েছেন। উনারা কি জানেন যে একটা মেয়ে সাধারণত নেহায়েত নিরুপায় না হলে তালাক দেয় না?,['https://scontent-ord5-1.xx.fbcdn.net/v/t39.30808-6/360159298_662501559261515_4028819225213484175_n.jpg?stp=dst-jpg_p526x296&_nc_cat=108&ccb=1-7&_nc_sid=5f2048&_nc_ohc=8Us1yQGIyL8AX80zaYP&_nc_ht=scontent-ord5-1.xx&oh=00_AfCRk__ytf9bEmFarktVzUqqi6Akth7inOfpTrBSmwoYhA&oe=65F3E3F8'],[],M
এই পোস্টে কিছু মানুষ হা হা দিয়েছেন। উনারা কি জানেন যে একটা মেয়ে সাধারণত নেহায়েত নিরুপায় না হলে তালাক দেয় না?,['https://scontent-ord5-1.xx.fbcdn.net/v/t39.30808-6/360159298_662501559261515_4028819225213484175_n.jpg?stp=dst-jpg_p526x296&_nc_cat=108&ccb=1-7&_nc_sid=5f2048&_nc_ohc=8Us1yQGIyL8AX80zaYP&_nc_ht=scontent-ord5-1.xx&oh=00_AfCRk__ytf9bEmFarktVzUqqi6Akth7inOfpTrBSmwoYhA&oe=65F3E3F8'],[],M
"```
তিনি প্রশ্ন তুলে বলেন, গরিবকে শহর থেকে তাড়িয়ে জমি নিয়ে মার্কেট বানানো হচ্ছে; এতে শহর উন্নয়ন কতোটা হলো?
শনিবার (১৫ জুলাই) সকালে রাজধানীর এলজিইডি ভবনে ঢাকা ডেলিরিয়াম নামক বই প্রকাশ অনুষ্ঠানে মন্ত্রী বলেন, শহরে উন্নয়ন হচ্ছে রাজনৈতিক কর্তৃত্ববাদীদের ইশারায়। বিশৃঙ্খলা উন্নয়ন হওয়ায় বাড়ছে বৈষম্য। শহরের উন্নয়ন কতোটা হচ্ছে তার কোনো খবর কেউ রাখছে না।… See more",[],[],M
"পশ্চিমা ধাঁচের কর্পোরেট সংস্কৃতি গ্রহণে উন্মুখ হয়ে আছে বন্ধুপ্রেমী-আড্ডামুখী-গানপ্রিয় প্রজন্ম। এই প্রজন্মের এইটা বুঝতে পারার যোগ্যতাও নাই যে তারা আসলে নিজের মেধার কোন বিকাশ ঘটাতেই পারছে না। দেশের কল্যাণ বা মানুষের কল্যাণ তো দূরের কথা।
এই প্রজন্মকে শ্রদ্ধা জানাই। এদেরকে না দেখলে অপদার্থ শব্দটার উৎপত্তি কেন হয়েছে জানতাম না।
বি,দ্র,: আমিও একজন অপদার্থ। নিজের সময় নষ্ট করছি এইসব লিখে।",[],[],M
"```
দামের সুবিধায় ঝুঁকি বিবেচনা না করেই সিলিন্ডার নিয়ে ভোক্তা ছুটছেন অটোগ্যাস স্টেশনে। এতে ঘটতে পারে প্রাণহানির মতো বড় দুর্ঘটনা। এ নিয়ে জ্বালানি বিভাগে অভিযোগ জানিয়েছে বাংলাদেশ এনার্জি রেগুলেটরি কমিশন (বিইআরসি)। অবৈধ এই প্রক্রিয়া রুখতে কঠোর নজরদারি বাড়ানোর নির্দেশ দিয়েছে জ্বালানি বিভাগ।
```
কম দামের জন্য জীবনের ঝুঁকি মানুষ কখন নেয়? যখন সে আর্থিকভাবে নিরুপায় হয়ে যায়।",[],[],M
ব্যাপারটা আমিও ঠিক বুঝি না। এই মাছের এত দাম কেন।,['https://scontent-ord5-2.xx.fbcdn.net/v/t39.30808-6/358564581_650055673822534_1270066969157712199_n.jpg?stp=dst-jpg_s600x600&_nc_cat=110&ccb=1-7&_nc_sid=5f2048&_nc_ohc=xYsWFRW2bWkAX_mhB7K&_nc_ht=scontent-ord5-2.xx&oh=00_AfDi3HHhsZ5XBZOitf34FvNbvFXUYPKBh-ew7Sc8Qi2rtQ&oe=65F41494'],[],M
"```
অনেক ভুক্তভোগীর সঙ্গে কথা বলে জানা গেছে, কোনো অভিযোগে থানা পুলিশকে ফোন করলে তারা সেবা দিতে গড়িমসি করে। কিন্তু জাতীয় সেবায় ফোন করলে তাৎক্ষণিক সেবা পাওয়া যায়। তখন থানা পুলিশও তাৎক্ষণিকভাবে ছুটে আসে। এ ছাড়া ছোটখাটো বিষয়েও এখানে ফোন করলে প্রতিকার মিলছে।
```",[],[],M
"```
Bangladesh’s CERT, the government’s press office, its embassy in Washington, D.C. and its consulate in New York City did not respond to requests for comment.
```
যতদূর মনে পড়ে কোন বাংলাদেশী পত্রিকায় এইরকম খবর দেখি নাই। CERT এ যারা কর্মরত আছেন তাদের কেউ কি বলতে পারবেন TechCrunch এইটা কোন fake news করলো কি না?",[],[],M
চোখের সামনে দেখেছি এবং দেখছি,[],[],M
"```
বুধবার দুপুরে তার প্রতিষ্ঠানে বিদ্যুৎ বিচ্ছিন্নের ঘটনা ঘটে। যা কর আইনে বাংলাদেশে এই প্রথম কোনো আইন প্রয়োগ।
```",[],[],M
"```
সরকারি চাকরিবিধি লঙ্ঘন করে নির্বাচনী প্রচারে অংশগ্রহণ করায় মুক্তিযুদ্ধবিষয়ক মন্ত্রণালয়ের সিনিয়র সচিব খাজা মিয়ার বিরুদ্ধে কী ব্যবস্থা নেওয়া হবে, তা জানতে চেয়ে মন্ত্রিপরিষদ সচিব ও জনপ্রশাসন সচিবকে আইনি নোটিশ পাঠানো হয়েছে। এ ছাড়া নোটিশে খাজা মিয়াকেও তার অবস্থান তুলে ধরতে বলা হয়েছে।
```",[],[],M
"```
মানিকগঞ্জে সরকারি ওষুধ কারখানার জন্য যে সাড়ে ৩১ একর জমি প্রস্তাব করা হয়েছে, সেখানকার ১১ একর ১৪ শতক জমি কেনেন স্বাস্থ্যমন্ত্রী জাহিদ মালেকের মেয়ে সিনথিয়া মালেক। তিনি এ জমি ভরাট করে ভিটি শ্রেণিতে পরিবর্তন করেন। মাস সাতেক পর ওষুধ কারখানা স্থাপনের প্রকল্প পাস হয়। তার ২০ দিন আগে কেনা মূল্যের প্রায় দ্বিগুণ দেখিয়ে এসব জমি স্বামী আলতাফ আকমলকে দান করেন সিনথিয়া। এখন সরকার এ জমি অধিগ্রহণ করতে গেলে সর্বশেষ মূল্যের তিন গুণ বেশি টাকা দিতে হবে। অর্থাৎ স্বাস্থ্যমন্ত্রীর মেয়ে সাড়ে ৭ কোটি … See more",[],[],M
চীনের ঘটনা,[],[],M
"```
বিজ্ঞানী দলটি জানাচ্ছে, পৃথিবীর অক্ষের যে পরিমাণ স্থানবদল ঘটেছে, তা খুবই নগণ্য। ফলে মানব জীবনে এর প্রভাব এখনই বোঝা সম্ভব নয়। কিন্তু মাটির তলা থেকে এই বিপুল পরিমাণ জল তুলে নেওয়া সমুদ্রের জলস্তর বৃদ্ধির অন্যতম কারণ।
```",[],[],M
"```
সিবিআই তদন্তের মাঝেই রিপোর্ট দিল কমিশনার অব রেলওয়ে সেফটি।
এতে স্পষ্ট বলা হয়েছে, যান্ত্রিক কোনো ত্রুটি ছিল না। কর্মীদের ভুলেই এই ঘটনা। শোনা যাচ্ছে, ঘটনার পিছনে অফিসারদের অবহেলা একটি কারণ। যাদের গাফিলতির চিহ্ন মিলেছে, তাদের বিরুদ্ধে পদক্ষেপ নেবে রেল।
```",[],[],M
এই কারণেই সুইডিশ আদালতের এখনও মূল্যবোধ ব্যাপারটা বুঝতে পারার মত অবস্থা তৈরি হয় নাই মনে হয়।,['https://scontent-ord5-1.xx.fbcdn.net/v/t39.30808-6/356175514_788551766003591_5583977191727917242_n.jpg?stp=dst-jpg_p180x540&_nc_cat=108&ccb=1-7&_nc_sid=5f2048&_nc_ohc=Cykx0dsNutcAX9o9ytK&_nc_ht=scontent-ord5-1.xx&oh=00_AfAIFFZBxJxhKVfgZqu9rhywyxSx1Dmv-PbQuaXXeY9LKg&oe=65F558BF'],[],M
"```
গত বুধবার স্টকহোম শহরের কেন্দ্রীয় মসজিদের বাইরে কোরআনের একটি কপিতে আগুন ধরিয়ে দেয় এক ব্যক্তি। তার নাম সালওয়ান মোমিকা এবং *সে সুইডেনে বসবাসরত একজন ইরাকি* বলে জানানো হয়েছে।
...
মরক্কো ও জর্ডান এ ঘটনার প্রতিবাদে স্টকহোম থেকে তাদের রাষ্ট্রদূতদের দেশে ফিরে আসতে বলেছে। মরক্কোর রাবাতে সুইডিশ রাষ্ট্রদূতকে তলবও করা হয়।
...… See more",[],[],M
"ধর্মগ্রন্থ অবমাননা কিভাবে মত প্রকাশের স্বাধীনতা হয়?
তাহলে সুইডিশ পতাকার অবমাননা অন্য কোন দেশ করলে কি সেটা মত প্রকাশের স্বাধীনতা হবে? অথবা একইভাবে রাশিয়া যে প্রায়ই সুইডেনকে হুমকি দেয় আগ্রাসনের সেটাও তো রাশিয়ার মত প্রকাশের স্বাধীনতা নাকি?",[],[],M
এ তো অনেক বাড়ির অনুরূপ কাহিনী! পিতা মাতা শক্ত অবস্থানে না থাকলে বাকি সন্তানদের রক্ত চুষে খায় অপদার্থ সন্তানেরা!,['https://scontent-ord5-1.xx.fbcdn.net/v/t39.30808-6/355127658_579857621003469_585895228688784184_n.jpg?stp=dst-jpg_p180x540&_nc_cat=108&ccb=1-7&_nc_sid=5f2048&_nc_ohc=W4OZwO-gjfkAX-UsAV1&_nc_ht=scontent-ord5-1.xx&oh=00_AfBWMxpy8a_4w8LBMmPLDtR-X7QF1PsP676EiAHdE5mC3w&oe=65F56F2F'],[],M
"এই ইউটিউবারের পরিচয় প্রকাশ হওয়া দরকার। আইনি পদক্ষেপ নেয়া দরকার।
সম্ভবত এইটাই সেই ইউটিউব ভিডিও: https://youtu.be/T3vkjHGYq3A",[],['https://www.facebook.com/dbcnews.tv/videos/3534224330179118/?__cft__[0]=AZWyB5GEFF5O39WTMjDNBfX_aWWZVjic_2oqjpgX6kK9_4yHRDfgKyQLoPRPtjEptAGXyBh2JVteTYagEFhsp5_lkT4JMRtHw4WJNvzgq-1Qpkd1zc7JgB6Jd5Xn_Y8C2GxboqApUYTdcMXqbpoj6SPq1DTZ6Rz3EL0kGAxYRWDwQeNeLudHlh8MH4_1dKCgHM6CIe4uh_ZhTezssojN0X5r&__tn__=%2B%3FFH-y-R'],M
"```
শিশু বৃষ্টি রানীর চিকিৎসার জন্য সমাজের হৃদয়বান মানুষদের কাছে সাহায্য চেয়েছে তার পরিবার। সাহায্য পাঠানোর ঠিকানা: বুদ্ধিশ্বর শীল, সঞ্চয়ী হিসাব নম্বর: ০১০০২৪৫৩৩৬৫৭২, জনতা ব্যাংক, কাশিনাথপুর শাখা, পাবনা। এ ছাড়া বিকাশের মাধ্যমে টাকা পাঠানো যাবে ০১৭২৪-৬৮২৮১১ নম্বরে।
```
একদিকে সমাজের গুটিকয় মানুষের অবৈধ সম্পদের পাহাড় আর আরেকদিকে সেই গুটিকয় মানুষের দুর্নীতির প্রভাবে ক্ষতিগ্রস্ত দরিদ্র মানুষের শূন্য হাত।",[],[],M
"```
gifted kids grow up on some “i’m gonna discover the secrets of the universe, find the meaning of life & be the one to finally understand consciousness” type shit and then end up doing power points at mckinsey
```
Too much ambition without growing an ability to understand complication of the existing system is the root cause perhaps.… See more",[],[],M
"```
রাজধানী থেকে উত্তর-দক্ষিণাঞ্চলের ২২ জেলা অভিমুখে ঘরমুখো মানুষের ঈদযাত্রা নির্বিঘ্ন করতে ঢাকা-রংপুর মহাসড়কের নির্মাণাধীন কড্ডা ফ্লাইওভার গত রোববার বিকেল থেকে সাময়িক সময়ের জন্য খুলে দেওয়া হয়। কিন্তু ভারী যানবাহনের চাপে ওই রাতেই এখনও নির্মাণকাজ শেষ না হওয়া ফ্লাইওভারটি চলাচল অনুপযোগী হয়ে পড়েছে। 
```",[],[],M
"```
রাজধানীর ল্যাবএইড স্পেশালাইজড হাসপাতালে ভুল চিকিৎসায় তাহসিন হোসেইন নামের এক কিশোরের মৃত্যুর অভিযোগে হাসপাতালটির ব্যবস্থাপনা পরিচালক ডা. এ এম শামীমসহ সাতজনের বিরুদ্ধে হত্যা মামলা দায়ের করা হয়েছে।
```
এই সংক্রান্ত এর আগের খবর: https://samakal.com/.../%E0%A6%B2%E0%A7%8D%E0%A6%AF%E0%A6...… See more",[],[],M
"```
দুদকের মামলা থেকে অব্যাহতি দেয়ার আশ্বাসে অর্থ লেনদেনের সময় হাতেনাতে গ্রেফতার হয়েছেন, ৪ জন। এদের একজন দুদকের মানিলন্ডারিং বিভাগের মহাপরিচালকের ব্যক্তিগত সহকারী, একজন চাকরিচ্যুত পুলিশ সদস্য অন্য দুইজন সহযোগী। গোয়েন্দা পুলিশ বলছে, চক্রটি দীর্ঘদিন ধরে দুদকের প্যাড, সিল, খাম ব্যবহার করে মানুষকে ভয় দেখিয়ে টাকা আত্মসাৎ করে আসছিলো।
```",[],[],M
"```
ওয়াগনার গ্রুপের বিদ্রোহ দমনে প্রস্তুত বলে জানিয়েছে চেচেন বাহিনী। সামরিক বাহিনীটির প্রধান রমজান কাদিরভ বিবৃতিতে বলেন, প্রিগোঝিন রাশিয়া এবং প্রেসিডেন্ট পুতিনের পিঠে ছুরি মারার মতো অপরাধ করেছেন। এছাড়া রুশ সেনাদের কোনও উসকানি না দেয়ারও আহ্বান জানিয়েছেন তিনি। সতর্কতা জানিয়ে বলেন,  ওয়াগনারের বিদ্রোহ দমাতে প্রস্তুত আছে তার বাহিনী। প্রয়োজনে বিদ্রোহীদের বিরুদ্ধে  যেকোনো কঠোর ব্যবস্থা নেয়া হবে। এরআগে ইউক্রেনের বিভিন্ন অঞ্চলে রুশ বাহিনীর পক্ষ হয়ে লড়াই করে চেচেন বাহিনী। দীর্ঘদিন ধরে… See more",[],[],M
"```
এতে বলা হয়, ডা. বি কে দাস কর্তৃক ১১ মাসের শিশু সন্তানের মুখে আংশিক তালু কাটা অপারেশনে শিশুটির মৃত্যু হয়। এই মর্মে শিশুটির বাবা ও মা অত্র কাউন্সিলে অভিযোগ দাখিল করেন। অভিযোগের পরিপ্রেক্ষিতে কাউন্সিল অভিযোগকারী এবং চিকিৎসক উভয়ের স্বাক্ষাৎকার গ্রহণ ও তদন্তে প্রমাণিত হয় যে, চিকিৎসা কার্যে চিকিৎসকের যথেষ্ট গাফিলতি ছিল, তা প্রমাণিত হয়েছে।
```",[],[],M
"```
স্বজনদের অভিযোগ, ‘তাহসিন মারা যাওয়ার পর সবাই যখন শোকে বিভোর, তখন হাসপাতাল কর্তৃপক্ষ উল্টা পুলিশ ডেকে আমাদের ভয় দেখানোর চেষ্টা করে।’ এ বিষয়ে স্বজনদের পক্ষ থেকে কোনো মামলা করা হবে কিনা এমন প্রশ্নের জবাবে বলা হয়, ‘আমরা মিডিয়ার মাধ্যমে প্রশাসনের দৃষ্টি আকর্ষণ করতে চাই। মামলার করার পরিকল্পনা আছে।’
```",[],[],M
"এইগুলো নিয়ে মুখ খুললেই দোষ।
পেশাজীবীদের কিছু অংশ যে নিজেদের একটা আলাদা কর্তৃত্ববাদী জগৎ তৈরির স্বপ্নে বিভোর সেবা দেয়ার পরিবর্তে সেটা সামনে আসা দরকার। চিকিৎসকরা একেবারে সরাসরি মানুষের সেবার দায়িত্বে নিয়োজিত আছেন বিধায় উনাদের নিয়ে বিতর্ক বেশি। 
বাকি পেশাজীবীদের মাঝেও বহু মানুষ আছেন যারা সেবা প্রদানের চেয়ে আপন কর্তৃত্ব প্রতিষ্ঠায় ব্যস্ত বেশি। সরাসরি মানুষের সেবা দেয়ার দায়িত্বে না থাকায় তাদের চেহারা সামনে আসে না।",[],[],M
"গত বছর মনে হয় একটা গাড়ির উপরে মেট্রো রেল প্রকল্পের ৫০ টনের গার্ডার পড়ে ৫ জন নিহত হয়েছিলেন। আদৌ কোন ব্যবস্থা নেয়া হয়েছিল কি?
সেই খবরের লিংক: https://bangla.bdnews24.com/bangladesh/171zlwp0q0
*সম্পাদন:*
ব্যবস্থা নেয়া হয়েছিল। সেই খবর এইখানে আছে: https://www.prothomalo.com/bangladesh/wwygaq8mvz
তবে সংশ্লিষ্ট ব্যক্তিদের বিরুদ্ধে আইনী ব্যবস্থা কি নেয়া হয়েছিল সেটা দেখছি না কোথাও।",['https://scontent-ord5-1.xx.fbcdn.net/v/t39.30808-6/355851102_647194020792269_3733794046383149075_n.jpg?stp=dst-jpg_p526x296&_nc_cat=111&ccb=1-7&_nc_sid=5f2048&_nc_ohc=sLtOAcueR4MAX8cfece&_nc_ht=scontent-ord5-1.xx&oh=00_AfAIgVEoLeVpCOo_NN1z6EFsQ2_Kry3_dndTark73UUgEA&oe=65F421A8'],[],M
"```
সর্বশেষ ভিডিও বার্তায় তাদের সম্পর্কে প্রিগোঝিন বলেন, এ যুদ্ধের প্রধান লক্ষ্য ছিল ইউক্রেনের সম্পদ ভাগাভাগি করে নেয়া। সেই সাথে, ‘হিরো’র তকমা আর প্রমোশন পেয়ে মার্শাল হতে সার্গেই শোইগুরও প্রয়োজন ছিল একটা যুদ্ধের। ইউক্রেনকে নিরস্ত্রীকরণ বা ডিনাজিফাই করার যে গল্প সে ফেঁদেছে তা সবৈর্ব মিথ্যা। শাসকশ্রেণির অভিজাত যে অংশটি দনবাসের বাণিজ্যিক সম্ভাবনা নিয়ে সন্তুষ্ট নয় তাদের আরও ধনী করতে এ যুদ্ধ বিশেষ ভূমিকা রেখেছে। দনবাসে ব্যাপক লুটপাট হয়েছে বলেও দাবি ওয়াগনার প্রধানের।
এদিকে, অধিক… See more",[],[],M
"```
সামরিক কমান্ডের বিরুদ্ধে ভাড়াটে সেনা দল ওয়াগনার গ্রুপের বিদ্রোহে উত্তপ্ত রাশিয়া। এরইমধ্যে দখলে নিয়েছে রোস্তভ শহর। ২৫ হাজার সেনা নিয়ে সীমান্তবর্তী অঞ্চলটি থেকে রাজধানীর পথে যাত্রা করেছে গোষ্ঠীটির সেনারা।
```",[],[],M
"```
Security is being ramped up in Russian cities amid reports of an armed rebellion. The head of the Wagner mercenary group, Yevgeny Prigozhin, has rallied his troops and reportedly returned to Russia. 
He claims to have taken control of key military sites in the southern city of Rostov on Don - including the region's military headquarters. Russia's president is expected to address the nation soon.  … See more",[],[],M
"```
রুশ সামরিক বাহিনীর বিরুদ্ধে বিদ্রোহ করেছে ভাড়াটে সেনা দল ওয়াগনার গ্রুপ। এরইমধ্যে দখলে নিয়েছে রোস্তভ শহর, ২৫ হাজার সেনা নিয়ে সীমান্তবর্তী অঞ্চলটি থেকে রাজধানীর পথে যাত্রা করেছে গোষ্ঠীটির সেনারা। কয়েকটি এলাকায় সংঘর্ষ হয়েছে রুশ বাহিনীর সাথে। এদিকে, বিদ্রোহকে ঠেকাতে কাউন্টার টেররিজম অপারেশনের ঘোষণা দিয়েছে ক্রেমলিন। সেন্ট পিটার্সবার্গে ওয়াগনারের কার্যালয়ে অভিযান চালিয়েছে সামরিক বাহিনী। মস্কোর স্পষ্ট ঘোষণা, এই বেঈমানির পরিণতি হবে ভয়াবহ।
```",[],[],M
এইটা আবার কোন ধরনের সংস্কৃতি?,['https://scontent-ord5-1.xx.fbcdn.net/v/t39.30808-6/355139530_685020303639889_9151634853213516032_n.jpg?stp=dst-jpg_p526x296&_nc_cat=108&ccb=1-7&_nc_sid=5f2048&_nc_ohc=Ly3j3QT25qQAX-Oc-oK&_nc_ht=scontent-ord5-1.xx&oh=00_AfBlSxtsUHF7AMUq2Vjbk7O93mjpEvm1ZeP14Oc3dH0I5A&oe=65F3DB06'],[],M
দেশের মানুষের কাছে যেন এইসব স্বাভাবিক হয়ে গেছে ...,[],[],M
আরও দেখা উচিৎঃ https://www.youtube.com/watch?v=VhXqOkb6sCA,[],[],M
"```
জানা যায়, নবম ও দশম শ্রেণির ছাত্রদের কয়েক মাসের বেতন বাকি রয়েছে। বেতনের টাকা আজ পরিশোধ না করায় স্কুল বন্ধ করে প্রধান শিক্ষক ওসমান ও ইউনুস ছাত্রদের পিটিয়ে রক্তাক্ত করে আহত করেন। পরে শিক্ষার্থীরা ভাঙ্গা উপজেলা নির্বাহী কর্মকর্তা অফিসের সামনে মিছিল করে অভিযোগ দায়ের করেন।
```",[],[],M
"```
আবারও স্বাধীন ফিলিস্তিন রাষ্ট্র গঠনের পক্ষে থাকার অঙ্গীকার ব্যক্ত করলো বেইজিং। একইসঙ্গে, ফিলিস্তিনি জনগণের অধিকার আদায়ের সংগ্রামে চীন সবসময়ই পাশে থাকবে বলেও জানানো হয়। বেইজিং সফররত ফিলিস্তিনি প্রেসিডেন্ট মাহমুদ আব্বাসের সঙ্গে বৈঠকের পর এ কথা জানান চীনা প্রধানমন্ত্রী লি কিয়াং। এর আগে, ফিলিস্তিনি প্রেসিডেন্টের সঙ্গে বৈঠকে ইসরাইল-ফিলিস্তিন শান্তি আলোচনায় মধ্যস্ততার আগ্রহ প্রকাশ করেন চীনা প্রেসিডেন্ট শি জিনপিং। বিশ্লেষকরা বলছেন, সৌদি-ইরানের পর এবার ইসরাইল-ফিলিস্তিন ইস্যুতেও হ… See more",[],[],M
"বাংলাদেশের সংবাদ মাধ্যমের প্রতিবেদন দেখলে মনে হয় পশ্চিমা যে কোন কাজের মান চীনা আর রুশদের তুলনায় মন্দ। পাশাপাশি আরও মনে হয় চীনা আর রুশরা মানবসভ্যতার রক্ষাকর্তা।
যদিও ব্যাপারটা তেমন নয়। একটু ইতিহাস পড়লেই আর ওইসব দেশের অভ্যন্তরীণ রাজনীতির খবর দেখলেই বোঝা যায় যে তাদের আসল উদ্দেশ্য কি।",[],[],M
"এই ধরনের সচেতনতা সবার থাকা উচিৎ। কিন্তু নাই। বিশেষত আমাদের দেশে। তীব্র তাপ প্রবাহের সময় প্রাথমিক ও মাধ্যমিক বিদ্যালয়গুলোতে বেশ কিছুদিন ক্লাস আর পরীক্ষা হয়েছিল। এমনকি দুপুরে মাঠে খেলাধুলার আয়োজনও রাখা হয়েছিল।
যেই বেতন নিচ্ছি সেটা হালাল করে নিচ্ছি কি না সেটা বুঝতে পারার যোগ্যতা কিভাবে পরিমাপ করে সেটা নিয়ে কাজ হওয়া উচিত।
আরও দেখা যেতে পারে: https://fb.watch/lc2IqMtRa3/?mibextid=NnVzG8",[],[],M
"```
ভুল চিকিৎসা, প্রতারণা ও ‘অবহেলাজনিত মৃত্যুর’ অভিযোগে রাজধানীর গ্রীন রোডে অবস্থিত সেন্ট্রাল হাসপাতালে দুই চিকিৎসককে গ্রেপ্তার করা হয়েছে। তারা হলেন ডা. শাহজাদী ও ডা. মুন্না।
```",[],[],M
কিন্তু ডলার বা অন্য কোন আন্তর্জাতিক মুদ্রার বিপরীতে বাংলাদেশী টাকার মূল্য কি বেড়েছে গত দুই মাসে?,[],[],M
"```
‘অল ইজ ওয়েল’ সিনড্রোম থেকে বেরিয়ে সরকারকে সমস্যা স্বীকার করে নেওয়ার পরামর্শ দিয়েছেন, রাজনীতিবিদ, সাংবাদিক, অর্থনীতিবিদ এবং ব্যবসায়ীরা। আওয়ামী লীগের আয়োজনে বাজেট আলোচনায় বক্তারা বলেছেন, সরকারের উপদেষ্টা এবং মন্ত্রীদের কেউ কেউ জমিদারি স্টাইলে মানুষের দু:খ-কষ্ট নিয়ে উপহাস করছে, এটা বন্ধ করতে হবে। সিংহভাগ রাজস্ব যোগান দিয়েও এনবিআরের চরম অবজ্ঞার শিকার, অভিযোগ ব্যবসায়ীদের। বাজেট নিয়ে এই আলোচনায় অর্থমন্ত্রী, অর্থসচিব কিংবা এনবিআর চেয়ারম্যান কেনো উপস্থিত থাকেন না, প্রশ্ন তুলেছেন … See more",[],[],M
How much of the generated electricity is being spent for cooling the shopping malls and the restaurants in Dhaka alone?,[],[],M
ভারতের HDFC bank এর কলকাতা শাখার একটা টিম মিটিং ... সব কথা বাংলায় ...,[],['https://www.facebook.com/brutindia/videos/1478251762711895/?__cft__[0]=AZUf3DQDad_VEfQkRy1qmtz78Xs3qAyqglcEhRkAhRLD7vFxPky7W1TJkLjFKzqySYWeNX75yV_PA3jMSAd5TM38OEXkh91mz6IjkxXR5ZyhfC_Q4XdA0QQkD4yjY3nBtefYP1yOPthsFr0HXNGZQNjXkAkrzV62-R3ARR99mt7UMz8rxAihcmVBTg0jDDKSmsQnyzRAaqgIJeGNFJyA2_eS&__tn__=%2B%3FFH-y-R'],M
"```
বৃষ্টিতে ঢাকার তাপমাত্রা ৩৩ ডিগ্রি সেলসিয়াসে নেমে এসেছে। গত কয়েক দিন ধরে যা ছিল ৩৮ থেকে ৪০ ডিগ্রি। এছাড়া দেশের তাপমাত্রাও বৃষ্টির কারণে অন্তত ৪ থেকে ৫ ডিগ্রি কমেছে। এতে বিদ্যুতের চাহিদা কমে গেছে। এর সঙ্গে সরকারের পদক্ষেপে বিদ্যুতের উৎপাদনও কিছুটা বেড়েছে।
```
প্রায় সব বিদ্যুৎ বিপণিবিতান আর এয়ার কন্ডিশনার খেয়ে ফেললে কিভাবে এগোনো সম্ভব? গাছ কেটে বিপণিবিতান আর অট্টালিকা তৈরি করলে তো এয়ার কন্ডিশনার এর এর বসাতে হবেই যেটা আসলে প্রায় কিছুই সমাধান করে না। দুইদিনে অট্টালিকা ব… See more",[],[],M
"```
রংপুরে পুলিশের উপপরিদর্শক (এসআই) পদে নিয়োগের জন্য প্রচণ্ড গরমে দৌড়ে অংশ নেওয়া চাকরিপ্রার্থী এক তরুণের মৃত্যু হয়েছে।
```",[],[],M
"```
এদিকে, তীব্র গরমে শিশু হাবিবা মারা গেছে বলে সামাজিক যোগাযোগমাধ্যমে প্রচার করছে অনেকে। এ বিষয়ে জানতে চাইলে কুমিল্লার ডেপুটি সিভিল সার্জন নিসর্গ মেরাজ চৌধুরী বলেন, ‘ওই শিশুর মৃত্যু কীভাবে হয়েছে তা ময়নাতদন্ত রিপোর্ট ছাড়া বলা যাচ্ছে না। তবে যাদের বয়স ১৫-এর নিচে তাদের খালি পেটে লিচু ও তালের শাঁস জাতীয় খাবার খাওয়ানো উচিত নয়। এতে মৃত্যুও ঘটতে পারে। এর আগেও মৃত্যুর ঘটনা ঘটেছে। খালি পেটে তালের শাঁস ও লিচু জাতীয় খাবার এই বয়সের শিশু-কিশোরদের অনেকের শরীরে সহ্য হয় না।’
```",[],[],M
এইটা সবচেয়ে জরুরি খবর হয়তো ...,[],[],M
"```
সমস্যাটি বৈদ্যুতিক যানে লাগানো লিথিয়াম-আয়ন ব্যাটারি সংক্রান্ত। ওই ব্যাটারিগুলো অযথাই ভারী। সেগুলোতে বিরল অনেক ধাতু দেওয়া হয়, যেগুলো তৈরি করতে প্রচুর পরিমাণে জ্বালানি প্রয়োজন; অথচ স্থায়িত্ব মাত্র ১০ বছর। সে কারণেই জলবায়ু সংকট মোকাবিলায় অটোমোবাইলের ক্ষেত্রে বৈদ্যুতিক গাড়ি গ্রহণ করা অযৌক্তিক পছন্দ বলে মনে করি।
```
মিস্টার বিন খ্যাত অভিনেতা এবং ইলেকট্রিক্যাল ইঞ্জিনিয়ার রোয়ান অ্যাটকিনসন লিখেছেন।",[],[],M
"আমার জানা মতে লেখক একজন উচ্চপদস্থ সরকারি কর্মকর্তা। উনাকে ধন্যবাদ সঠিক কথাগুলো বলার জন্য।
পায়রা সম্ভবত বাংলাদেশ এবং চীনের যৌথ উদ্যোগে তৈরি। আমার জানা নাই চীনা কর্মকর্তারা এই দুরবস্থা যে ঘটতে পারে সেটা তাদের অভিজ্ঞতা থেকে বাংলাদেশী কর্মকর্তাদের অবগত করেছিলেন কি না।
আরও পড়া যায়: https://www.prothomalo.com/bangladesh/snmf5cohli",[],[],M
"Fault tolerance খুব কঠিন একটা ব্যাপার। Design এবং Implementation উভয়েই। এইটা যত দ্রুত সবাই বুঝতে পারবে ততই মঙ্গল।
অবশ্য যেই দেশে গরম বাড়লে ফ্যানের দাম দ্বিগুণ হয়ে যায় সেই দেশে এত বুঝে কি উপকার সেটাও একটা ব্যাপার।",[],[],M
একটা দেশে এতগুলো লোক অসাধু ভাবলেও আতঙ্ক হয়,[],[],M
সরকার ঘোষিত একটা ফুটবল টুর্নামেন্টে খেলতে বাধ্য করা হয়েছিল এই ভরদুপুরে,[],['https://www.facebook.com/MaasrangaSports/videos/188839470800493/?__cft__[0]=AZUaKdGPjqim2P-yVAM1wgRpi9a0II6Pfsrfv-ITenO6O2DhM-w4C-sp9mPM8XHtE5adP8MlIJ77Y257X53PeHuUdAPZFLcBvQBhoyVNpHcbqHvW8l50xF_bArgkVJKgfLJIVD11NfLzmx7YGtW_SlUFQuL70T-Y2twbL_5B_DEN08Cdvfcfsu_4RssbKqi9tn8dvmoFxPqlT-_Cl21Ng3E5&__tn__=%2B%3FFH-y-R'],M
"```
For some workers, this impact is already here. Those that write marketing and social media content are in the first wave of people being replaced with tools like chatbots, which are seemingly able to produce plausible alternatives to their work.
```",[],[],M
"```
দুর্যোগ ব্যবস্থাপনা অধিদপ্তরের পরিচালক নিতাই চন্দ্র দে মনে করেন এ বিষয়ে সার্বিকভাবে সবার সচেতনতার অভাব আছে।
“ওইভাবে এটার ইমপ্যাক্ট আমরা দেখি না। এক্ষেত্রে জীবন ও সম্পকের ঝুঁকি সরাসরি দেখা যায় না। ফলে জনগণ উদ্বিগ্ন কম থাকে, কিন্তু এটার ইমপ্যাক্ট আছে। মেইনলি হেলথ ইমপ্যাক্ট। রেসপাইরেটরি প্রবলেম বেড়ে যায়, স্ট্রোক হতে পারে, মানুষ মারাও যেতে পারে।”
```",[],[],M
"একটা অতিবাস্তব পোস্ট এইটা।
ভিন্ন প্রসঙ্গ, সামাজিক যোগযোগমাধ্যমগুলোকে অনেক ধন্যবাদ। ফালতু content এর কারণে ইদানীং ""সামাজিক"" ঘটনাগুলো জানতে পারি না। তাই পত্রিকাই দেখি। তবে পত্রিকাগুলি অনেক ফালতু খবর ছাপিয়ে জায়গা নষ্ট করে বলেই মনে হয়।",['https://scontent-ord5-2.xx.fbcdn.net/v/t39.30808-6/350958157_640511291259170_1086817529345369045_n.jpg?stp=dst-jpg_s640x640&_nc_cat=104&ccb=1-7&_nc_sid=5f2048&_nc_ohc=SOOCxnbsV84AX91-s-X&_nc_ht=scontent-ord5-2.xx&oh=00_AfCRZKRvS25JUaEqqodAMq3rOyvhL426R5Sfwt0dNwiKpg&oe=65F4CC02'],[],M
"```
জানা গেছে, গ্রেপ্তার বিসিএস নন-ক্যাডার কর্মকর্তার নাম শেখ আবু হানিফ। তিনি রাজশাহী বিশ্ববিদ্যালয়ের ‘এ’ ইউনিটের ভর্তি পরীক্ষায় রুপম সরকারের হয়ে প্রক্সি দিতে গিয়ে গ্রেপ্তার হয়েছেন।
```",[],[],M
শহরের অনেক মানুষ দুই তিন পুরুষ আগেও গ্রামেই থাকতো ...,['https://scontent-ord5-2.xx.fbcdn.net/v/t39.30808-6/350109560_276407028218238_1293568553501976875_n.jpg?_nc_cat=107&ccb=1-7&_nc_sid=5f2048&_nc_ohc=j0S20wGnm8YAX_vMfhj&_nc_ht=scontent-ord5-2.xx&oh=00_AfCZna-YR7A0srbYQJIPV2MzJ68VZ-muGYA5f9Kbshti4Q&oe=65F4E29B'],[],M
"```
আইনটিতে স্বাক্ষরের সময় উগান্ডার প্রেসিডেন্ট বলেন, সমকামিতা প্রকৃতি বিরুদ্ধ একটি চর্চা। এটি আফ্রিকার সংস্কৃতি বিরোধী বলেও মন্তব্য করেন তিনি। এর ফলে পরিবার ব্যবস্থা ভেঙ্গে যাওয়ার শঙ্কা রয়েছে বলে জানান মুসাভেনি।
পশ্চিমা চাপ, নিষেধাজ্ঞার ভয়-ভীতি সত্ত্বেও আফ্রিকার ৩০টিরও বেশি দেশে নিষিদ্ধ সমকামিতা।
```",[],[],M
"```
ভাইরাল হওয়া ফুটেজে, রেসলারদের মাটিতে ফেলে পেটাতেও দেখা যায় পুলিশকে। এসব খেলোয়াড়দের বিরুদ্ধে একাধিক মামলাও দায়ের করা হয়েছে।
```",[],[],M
"এই চার পুরুষের চেয়ে অধিক যোগ্যতাসম্পন্ন মানুষ কি পাওয়া যায় নাই যারা সমাজ এবং সমাজে নারীদের উপরে চলতে থাকা জুলুম নিয়ে বেশি ওয়াকিবহাল?
এদের মাঝে একজন তো বুয়েটে পেটে গ্যাস আর গর্ভধারণ নিয়ে টুথপেস্ট ভালোবাসার নাটকের সাথে সম্পৃক্ত ছিল!",['https://scontent-ord5-1.xx.fbcdn.net/v/t39.30808-6/350098487_624474519566593_3360655627654720220_n.png?stp=dst-png_s640x640&_nc_cat=109&ccb=1-7&_nc_sid=5f2048&_nc_ohc=Qw-eUkorD00AX8I9RNX&_nc_ht=scontent-ord5-1.xx&oh=00_AfBZ3ffsCwGbDsNWbLS5CXRTXvPF8UvjLlbG_tBoBlGjmA&oe=65F4A043'],[],M
"তাহলে এত এত পড়াশুনা করে কি হবে? যারা সার্টিফিকেট পুড়িয়ে ফেলেন নাই তাদের আর্থিক বা পারিবারিক অবস্থা হয়তো আরও খারাপ বিধায় চাকরি আরও জরুরী!
অধৈর্য মানুষদের পুরস্কৃত করাটা ধৈর্য্যশীলদের কিছুটা হলেও নিরুৎসাহিত করে।",[],['https://www.facebook.com/rtvonline/videos/625193089294515/?__cft__[0]=AZVLP2SCAN1CUNsImmAaT1R2SYpPWDjm5zWjQY94Lz8n1p9iYUVrf1N-eb68eqrDjZMpII3jh42fD8vrmWT3dNq6H5xCFVcyYVWtH9_G6LoKHyvM8xRU6wBrYugEyTWSqiYcqw-p5C5Qk2HW7CkWTBpMDm5rATsZyTg7tAHMT2XsY2HOOqiMTT72JU7rjWyrS_3AaMzySzemjbRrriL0FSL2&__tn__=%2B%3FFH-y-R'],M
